{
    "name": "root",
    "gauges": {
        "move_to_moving_target_01.Policy.Entropy.mean": {
            "value": 0.549288809299469,
            "min": 0.54227215051651,
            "max": 2.4510629177093506,
            "count": 200
        },
        "move_to_moving_target_01.Policy.Entropy.sum": {
            "value": 28300.458984375,
            "min": 26555.171875,
            "max": 129724.15625,
            "count": 200
        },
        "move_to_moving_target_01.Environment.EpisodeLength.mean": {
            "value": 999.0,
            "min": 363.27777777777777,
            "max": 999.0,
            "count": 200
        },
        "move_to_moving_target_01.Environment.EpisodeLength.sum": {
            "value": 51948.0,
            "min": 39234.0,
            "max": 54945.0,
            "count": 200
        },
        "move_to_moving_target_01.Step.mean": {
            "value": 9999768.0,
            "min": 49862.0,
            "max": 9999768.0,
            "count": 200
        },
        "move_to_moving_target_01.Step.sum": {
            "value": 9999768.0,
            "min": 49862.0,
            "max": 9999768.0,
            "count": 200
        },
        "move_to_moving_target_01.Policy.ExtrinsicValueEstimate.mean": {
            "value": 1.8543368577957153,
            "min": -2.633817672729492,
            "max": 2.1063833236694336,
            "count": 200
        },
        "move_to_moving_target_01.Policy.ExtrinsicValueEstimate.sum": {
            "value": 370.86737060546875,
            "min": -663.7220458984375,
            "max": 421.27667236328125,
            "count": 200
        },
        "move_to_moving_target_01.Policy.CuriosityValueEstimate.mean": {
            "value": 0.11905986070632935,
            "min": 0.05089063569903374,
            "max": 6.527096271514893,
            "count": 200
        },
        "move_to_moving_target_01.Policy.CuriosityValueEstimate.sum": {
            "value": 23.81197166442871,
            "min": 10.17812728881836,
            "max": 1644.8282470703125,
            "count": 200
        },
        "move_to_moving_target_01.Environment.CumulativeReward.mean": {
            "value": 184.54668671477074,
            "min": -107.12954535726773,
            "max": 206.60892943235544,
            "count": 200
        },
        "move_to_moving_target_01.Environment.CumulativeReward.sum": {
            "value": 9411.881022453308,
            "min": -9900.067050933838,
            "max": 10743.664330482483,
            "count": 200
        },
        "move_to_moving_target_01.Policy.ExtrinsicReward.mean": {
            "value": 184.54668671477074,
            "min": -107.12954535726773,
            "max": 206.60892943235544,
            "count": 200
        },
        "move_to_moving_target_01.Policy.ExtrinsicReward.sum": {
            "value": 9411.881022453308,
            "min": -9900.067050933838,
            "max": 10743.664330482483,
            "count": 200
        },
        "move_to_moving_target_01.Policy.CuriosityReward.mean": {
            "value": 1.1632316360870998,
            "min": 0.8584153893319043,
            "max": 6.440865347597087,
            "count": 200
        },
        "move_to_moving_target_01.Policy.CuriosityReward.sum": {
            "value": 59.324813440442085,
            "min": 40.73877741396427,
            "max": 689.1725921928883,
            "count": 200
        },
        "move_to_moving_target_01.Losses.PolicyLoss.mean": {
            "value": 0.04839144613328649,
            "min": 0.04409816096368659,
            "max": 0.05583209571098754,
            "count": 200
        },
        "move_to_moving_target_01.Losses.PolicyLoss.sum": {
            "value": 0.29034867679971893,
            "min": 0.2511985402670689,
            "max": 0.3349925742659252,
            "count": 200
        },
        "move_to_moving_target_01.Losses.ValueLoss.mean": {
            "value": 0.38450667419884765,
            "min": 0.1179650237124103,
            "max": 15.906400461743274,
            "count": 200
        },
        "move_to_moving_target_01.Losses.ValueLoss.sum": {
            "value": 2.307040045193086,
            "min": 0.7077901422744618,
            "max": 79.53200230871637,
            "count": 200
        },
        "move_to_moving_target_01.Policy.LearningRate.mean": {
            "value": 6.691797769733331e-07,
            "min": 6.691797769733331e-07,
            "max": 0.000299249058250314,
            "count": 200
        },
        "move_to_moving_target_01.Policy.LearningRate.sum": {
            "value": 4.015078661839999e-06,
            "min": 4.015078661839999e-06,
            "max": 0.0017871825042725,
            "count": 200
        },
        "move_to_moving_target_01.Policy.Epsilon.mean": {
            "value": 0.10022302666666667,
            "min": 0.10022302666666667,
            "max": 0.19974968600000004,
            "count": 200
        },
        "move_to_moving_target_01.Policy.Epsilon.sum": {
            "value": 0.6013381600000001,
            "min": 0.6013381600000001,
            "max": 1.1957274999999998,
            "count": 200
        },
        "move_to_moving_target_01.Policy.Beta.mean": {
            "value": 2.1129030666666665e-05,
            "min": 2.1129030666666665e-05,
            "max": 0.0049875093314000005,
            "count": 200
        },
        "move_to_moving_target_01.Policy.Beta.sum": {
            "value": 0.00012677418399999999,
            "min": 0.00012677418399999999,
            "max": 0.02978680225,
            "count": 200
        },
        "move_to_moving_target_01.Losses.CuriosityForwardLoss.mean": {
            "value": 0.05434644875478827,
            "min": 0.03949180086621911,
            "max": 96.13564423372348,
            "count": 200
        },
        "move_to_moving_target_01.Losses.CuriosityForwardLoss.sum": {
            "value": 0.3260786925287296,
            "min": 0.23695080519731468,
            "max": 480.6782211686174,
            "count": 200
        },
        "move_to_moving_target_01.Losses.CuriosityInverseLoss.mean": {
            "value": 0.10341804391484603,
            "min": 0.09772299137613218,
            "max": 2.927999280889829,
            "count": 200
        },
        "move_to_moving_target_01.Losses.CuriosityInverseLoss.sum": {
            "value": 0.6205082634890762,
            "min": 0.5863379482567931,
            "max": 15.738366166750588,
            "count": 200
        },
        "move_to_moving_target_01.IsTraining.mean": {
            "value": 1.0,
            "min": 1.0,
            "max": 1.0,
            "count": 200
        },
        "move_to_moving_target_01.IsTraining.sum": {
            "value": 1.0,
            "min": 1.0,
            "max": 1.0,
            "count": 200
        }
    },
    "metadata": {
        "timer_format_version": "0.1.0",
        "start_time_seconds": "1689142621",
        "python_version": "3.10.6 (main, May 29 2023, 11:10:38) [GCC 11.3.0]",
        "command_line_arguments": "/home/mih/.local/share/virtualenvs/ml_agents_test-Mi5MBi39/bin/mlagents-learn --run-id move_to_moving_target_01 --time-scale 20 move_to_moving_target.yaml",
        "mlagents_version": "0.30.0",
        "mlagents_envs_version": "0.30.0",
        "communication_protocol_version": "1.5.0",
        "pytorch_version": "1.13.1+cu117",
        "numpy_version": "1.21.2",
        "end_time_seconds": "1689157579"
    },
    "total": 14957.947391765,
    "count": 1,
    "self": 0.005630577999909292,
    "children": {
        "run_training.setup": {
            "total": 0.007982893999951557,
            "count": 1,
            "self": 0.007982893999951557
        },
        "TrainerController.start_learning": {
            "total": 14957.933778293,
            "count": 1,
            "self": 6.716718479865449,
            "children": {
                "TrainerController._reset_env": {
                    "total": 4.928097314999945,