{
    "name": "root",
    "gauges": {
        "shoot_moving_target_20.Policy.Entropy.mean": {
            "value": 2.1250555515289307,
            "min": 2.1250555515289307,
            "max": 4.965428352355957,
            "count": 200
        },
        "shoot_moving_target_20.Policy.Entropy.sum": {
            "value": 116470.0390625,
            "min": 99573.0703125,
            "max": 272145.1875,
            "count": 200
        },
        "shoot_moving_target_20.Step.mean": {
            "value": 9999920.0,
            "min": 49944.0,
            "max": 9999920.0,
            "count": 200
        },
        "shoot_moving_target_20.Step.sum": {
            "value": 9999920.0,
            "min": 49944.0,
            "max": 9999920.0,
            "count": 200
        },
        "shoot_moving_target_20.Policy.ExtrinsicValueEstimate.mean": {
            "value": 0.9952408075332642,
            "min": -0.5439003109931946,
            "max": 1.0174411535263062,
            "count": 200
        },
        "shoot_moving_target_20.Policy.ExtrinsicValueEstimate.sum": {
            "value": 198.05291748046875,
            "min": -109.32395935058594,
            "max": 202.47079467773438,
            "count": 200
        },
        "shoot_moving_target_20.Policy.CuriosityValueEstimate.mean": {
            "value": 0.17507298290729523,
            "min": -0.8804624676704407,
            "max": 0.2852763235569,
            "count": 200
        },
        "shoot_moving_target_20.Policy.CuriosityValueEstimate.sum": {
            "value": 34.83952331542969,
            "min": -174.33157348632812,
            "max": 56.794219970703125,
            "count": 200
        },
        "shoot_moving_target_20.Losses.PolicyLoss.mean": {
            "value": 0.04991428475030594,
            "min": 0.04818918160540522,
            "max": 0.05975838746545622,
            "count": 200
        },
        "shoot_moving_target_20.Losses.PolicyLoss.sum": {
            "value": 0.19965713900122375,
            "min": 0.14456754481621564,
            "max": 0.22809589113456258,
            "count": 200
        },
        "shoot_moving_target_20.Losses.ValueLoss.mean": {
            "value": 0.8120219033161908,
            "min": 0.13249446760531974,
            "max": 12.477705805811661,
            "count": 200
        },
        "shoot_moving_target_20.Losses.ValueLoss.sum": {
            "value": 3.2480876132647634,
            "min": 0.39748340281595923,
            "max": 37.433117417434985,
            "count": 200
        },
        "shoot_moving_target_20.Policy.LearningRate.mean": {
            "value": 7.670197443600042e-07,
            "min": 7.670197443600042e-07,
            "max": 0.00029906256031247996,
            "count": 200
        },
        "shoot_moving_target_20.Policy.LearningRate.sum": {
            "value": 3.068078977440017e-06,
            "min": 3.068078977440017e-06,
            "max": 0.0011730076889974398,
            "count": 200
        },
        "shoot_moving_target_20.Policy.Epsilon.mean": {
            "value": 0.10025564000000001,
            "min": 0.10025564000000001,
            "max": 0.19968751999999998,
            "count": 200
        },
        "shoot_moving_target_20.Policy.Epsilon.sum": {
            "value": 0.40102256000000003,
            "min": 0.30239256000000003,
            "max": 0.7910025599999999,
            "count": 200
        },
        "shoot_moving_target_20.Policy.Beta.mean": {
            "value": 2.2756436000000067e-05,
            "min": 2.2756436000000067e-05,
            "max": 0.004984407248,
            "count": 200
        },
        "shoot_moving_target_20.Policy.Beta.sum": {
            "value": 9.102574400000027e-05,
            "min": 9.102574400000027e-05,
            "max": 0.019551027744,
            "count": 200
        },
        "shoot_moving_target_20.Losses.CuriosityForwardLoss.mean": {
            "value": 0.08470031220404117,
            "min": 0.001514484826191787,
            "max": 40.39540939878843,
            "count": 200
        },
        "shoot_moving_target_20.Losses.CuriosityForwardLoss.sum": {
            "value": 0.3388012488161647,
            "min": 0.004543454478575361,
            "max": 121.18622819636529,
            "count": 200
        },
        "shoot_moving_target_20.Losses.CuriosityInverseLoss.mean": {
            "value": 1.8891001117833437,
            "min": 1.8891001117833437,
            "max": 5.183604503704822,
            "count": 200
        },
        "shoot_moving_target_20.Losses.CuriosityInverseLoss.sum": {
            "value": 7.556400447133375,
            "min": 5.68852642734172,
            "max": 19.01717685853629,
            "count": 200
        },
        "shoot_moving_target_20.Environment.EpisodeLength.mean": {
            "value": 999.0,
            "min": 999.0,
            "max": 999.0,
            "count": 200
        },
        "shoot_moving_target_20.Environment.EpisodeLength.sum": {
            "value": 30969.0,
            "min": 30969.0,
            "max": 61938.0,
            "count": 200
        },
        "shoot_moving_target_20.Environment.CumulativeReward.mean": {
            "value": 95.88214749760098,
            "min": -79.14600949133596,
            "max": 98.71863456648224,
            "count": 200
        },
        "shoot_moving_target_20.Environment.CumulativeReward.sum": {
            "value": 3451.7573099136353,
            "min": -3983.30002450943,
            "max": 5892.89701628685,
            "count": 200
        },
        "shoot_moving_target_20.Policy.ExtrinsicReward.mean": {
            "value": 95.88214749760098,
            "min": -79.14600949133596,
            "max": 98.71863456648224,
            "count": 200
        },
        "shoot_moving_target_20.Policy.ExtrinsicReward.sum": {
            "value": 3451.7573099136353,
            "min": -3983.30002450943,
            "max": 5892.89701628685,
            "count": 200
        },
        "shoot_moving_target_20.Policy.CuriosityReward.mean": {
            "value": 1.7624751403927803,
            "min": 0.03152413608416194,
            "max": 10.426590581094064,
            "count": 200
        },
        "shoot_moving_target_20.Policy.CuriosityReward.sum": {
            "value": 63.44910505414009,
            "min": 1.0059182178229094,
            "max": 323.224308013916,
            "count": 200
        },
        "shoot_moving_target_20.IsTraining.mean": {
            "value": 1.0,
            "min": 1.0,
            "max": 1.0,
            "count": 200
        },
        "shoot_moving_target_20.IsTraining.sum": {
            "value": 1.0,
            "min": 1.0,
            "max": 1.0,
            "count": 200
        }
    },
    "metadata": {
        "timer_format_version": "0.1.0",
        "start_time_seconds": "1692247280",
        "python_version": "3.10.12 (main, Jun 11 2023, 05:26:28) [GCC 11.4.0]",
        "command_line_arguments": "/home/mih/.local/share/virtualenvs/ml_agents_test-Mi5MBi39/bin/mlagents-learn --run-id shoot_moving_target_20 --time-scale 20 shoot_moving_target.yaml",
        "mlagents_version": "0.30.0",
        "mlagents_envs_version": "0.30.0",
        "communication_protocol_version": "1.5.0",
        "pytorch_version": "1.13.1+cu117",
        "numpy_version": "1.21.2",
        "end_time_seconds": "1692261551"
    },
    "total": 14271.444375965999,
    "count": 1,
    "self": 0.05078384399894276,
    "children": {
        "run_training.setup": {
            "total": 0.011121705000022075,
            "count": 1,
            "self": 0.011121705000022075
        },
        "TrainerController.start_learning": {
            "total": 14271.382470417,
            "count": 1,
            "self": 5.314085809775861,
            "children": {
                "TrainerController._reset_env": {
                    "total": 6.1707398990000115,
                    "count": 1,
                    "self": 6.1707398990000115
                },