{
    "name": "root",
    "gauges": {
        "move_to_static_target_14.Policy.Entropy.mean": {
            "value": 0.5742180347442627,
            "min": 0.5742180347442627,
            "max": 3.0262091159820557,
            "count": 200
        },
        "move_to_static_target_14.Policy.Entropy.sum": {
            "value": 28018.39453125,
            "min": 28018.39453125,
            "max": 164771.0625,
            "count": 200
        },
        "move_to_static_target_14.Step.mean": {
            "value": 9999784.0,
            "min": 49910.0,
            "max": 9999784.0,
            "count": 200
        },
        "move_to_static_target_14.Step.sum": {
            "value": 9999784.0,
            "min": 49910.0,
            "max": 9999784.0,
            "count": 200
        },
        "move_to_static_target_14.Policy.ExtrinsicValueEstimate.mean": {
            "value": 1.168155550956726,
            "min": -0.991780698299408,
            "max": 2.4898335933685303,
            "count": 200
        },
        "move_to_static_target_14.Policy.ExtrinsicValueEstimate.sum": {
            "value": 232.46295166015625,
            "min": -199.34791564941406,
            "max": 492.987060546875,
            "count": 200
        },
        "move_to_static_target_14.Policy.CuriosityValueEstimate.mean": {
            "value": 0.13105659186840057,
            "min": -4.6443705558776855,
            "max": 0.4815148413181305,
            "count": 200
        },
        "move_to_static_target_14.Policy.CuriosityValueEstimate.sum": {
            "value": 26.08026123046875,
            "min": -919.5853271484375,
            "max": 131.82101440429688,
            "count": 200
        },
        "move_to_static_target_14.Environment.EpisodeLength.mean": {
            "value": 999.0,
            "min": 219.6839826839827,
            "max": 999.0,
            "count": 200
        },
        "move_to_static_target_14.Environment.EpisodeLength.sum": {
            "value": 46953.0,
            "min": 31701.0,
            "max": 60954.0,
            "count": 200
        },
        "move_to_static_target_14.Environment.CumulativeReward.mean": {
            "value": 114.82767724472544,
            "min": -88.63718995180997,
            "max": 152.73313024092693,
            "count": 200
        },
        "move_to_static_target_14.Environment.CumulativeReward.sum": {
            "value": 5282.07315325737,
            "min": -5098.3172245025635,
            "max": 7510.703800678253,
            "count": 200
        },
        "move_to_static_target_14.Policy.ExtrinsicReward.mean": {
            "value": 114.82767724472544,
            "min": -88.63718995180997,
            "max": 152.73313024092693,
            "count": 200
        },
        "move_to_static_target_14.Policy.ExtrinsicReward.sum": {
            "value": 5282.07315325737,
            "min": -5098.3172245025635,
            "max": 7510.703800678253,
            "count": 200
        },
        "move_to_static_target_14.Policy.CuriosityReward.mean": {
            "value": 1.3079274769710458,
            "min": 0.09804442166668279,
            "max": 10.56467755093719,
            "count": 200
        },
        "move_to_static_target_14.Policy.CuriosityReward.sum": {
            "value": 60.164663940668106,
            "min": 6.470931830001064,
            "max": 348.6343591809273,
            "count": 200
        },
        "move_to_static_target_14.Losses.PolicyLoss.mean": {
            "value": 0.050258875116317846,
            "min": 0.04623159449612204,
            "max": 0.055440512075114794,
            "count": 200
        },
        "move_to_static_target_14.Losses.PolicyLoss.sum": {
            "value": 0.30155325069790706,
            "min": 0.1440271295735296,
            "max": 0.36392820445083396,
            "count": 200
        },
        "move_to_static_target_14.Losses.ValueLoss.mean": {
            "value": 0.012692003658028422,
            "min": 0.007524647751173082,
            "max": 23.330862102043593,
            "count": 200
        },
        "move_to_static_target_14.Losses.ValueLoss.sum": {
            "value": 0.07615202194817053,
            "min": 0.04514788650703849,
            "max": 116.65431051021797,
            "count": 200
        },
        "move_to_static_target_14.Policy.LearningRate.mean": {
            "value": 6.948997683999955e-07,
            "min": 6.948997683999955e-07,
            "max": 0.00029914238028587323,
            "count": 200
        },
        "move_to_static_target_14.Policy.LearningRate.sum": {
            "value": 4.169398610399973e-06,
            "min": 4.169398610399973e-06,
            "max": 0.00180075753974752,
            "count": 200
        },
        "move_to_static_target_14.Policy.Epsilon.mean": {
            "value": 0.10023160000000002,
            "min": 0.10023160000000002,
            "max": 0.19971412666666674,
            "count": 200
        },
        "move_to_static_target_14.Policy.Epsilon.sum": {
            "value": 0.6013896000000001,
            "min": 0.5991423800000002,
            "max": 1.30025248,
            "count": 200
        },
        "move_to_static_target_14.Policy.Beta.mean": {
            "value": 2.155683999999992e-05,
            "min": 2.155683999999992e-05,
            "max": 0.0049857349206666665,
            "count": 200
        },
        "move_to_static_target_14.Policy.Beta.sum": {
            "value": 0.00012934103999999954,
            "min": 0.00012934103999999954,
            "max": 0.030022598752,
            "count": 200
        },
        "move_to_static_target_14.Losses.CuriosityForwardLoss.mean": {
            "value": 0.06265441511964633,
            "min": 0.005754540898139652,
            "max": 45.59743240815087,
            "count": 200
        },
        "move_to_static_target_14.Losses.CuriosityForwardLoss.sum": {
            "value": 0.375926490717878,
            "min": 0.03452724538883791,
            "max": 136.79229722445262,
            "count": 200
        },
        "move_to_static_target_14.Losses.CuriosityInverseLoss.mean": {
            "value": 0.10556588129838929,
            "min": 0.09984368331626886,
            "max": 3.1998335753635554,
            "count": 200
        },
        "move_to_static_target_14.Losses.CuriosityInverseLoss.sum": {
            "value": 0.6333952877903357,
            "min": 0.5990620998976132,
            "max": 17.871861731585785,
            "count": 200
        },
        "move_to_static_target_14.IsTraining.mean": {
            "value": 1.0,
            "min": 1.0,
            "max": 1.0,
            "count": 200
        },
        "move_to_static_target_14.IsTraining.sum": {
            "value": 1.0,
            "min": 1.0,
            "max": 1.0,
            "count": 200
        }
    },
    "metadata": {
        "timer_format_version": "0.1.0",
        "start_time_seconds": "1686298420",
        "python_version": "3.10.6 (main, Mar 10 2023, 10:55:28) [GCC 11.3.0]",
        "command_line_arguments": "/home/mih/.local/share/virtualenvs/ml_agents_test-Mi5MBi39/bin/mlagents-learn --run-id move_to_static_target_14 --time-scale 20 move_to_static_target.yaml",
        "mlagents_version": "0.30.0",
        "mlagents_envs_version": "0.30.0",
        "communication_protocol_version": "1.5.0",
        "pytorch_version": "1.13.1+cu117",
        "numpy_version": "1.21.2",
        "end_time_seconds": "1686311922"
    },
    "total": 13501.455380882002,
    "count": 1,
    "self": 0.032810335000249324,
    "children": {
        "run_training.setup": {
            "total": 0.008087726000667317,
            "count": 1,
            "self": 0.008087726000667317
        },
        "TrainerController.start_learning": {
            "total": 13501.414482821001,
            "count": 1,
            "self": 5.901103741165571,
            "children": {
                "TrainerController._reset_env": {
                    "total": 6.142773085999579,