{
    "name": "root",
    "gauges": {
        "move_to_moving_target_03.Policy.Entropy.mean": {
            "value": 0.5960357785224915,
            "min": 0.5900294780731201,
            "max": 2.6509945392608643,
            "count": 200
        },
        "move_to_moving_target_03.Policy.Entropy.sum": {
            "value": 31115.451171875,
            "min": 27770.896484375,
            "max": 144203.390625,
            "count": 200
        },
        "move_to_moving_target_03.Step.mean": {
            "value": 9999885.0,
            "min": 49944.0,
            "max": 9999885.0,
            "count": 200
        },
        "move_to_moving_target_03.Step.sum": {
            "value": 9999885.0,
            "min": 49944.0,
            "max": 9999885.0,
            "count": 200
        },
        "move_to_moving_target_03.Policy.ExtrinsicValueEstimate.mean": {
            "value": 1.8789808750152588,
            "min": -0.8511806726455688,
            "max": 7.9303812980651855,
            "count": 200
        },
        "move_to_moving_target_03.Policy.ExtrinsicValueEstimate.sum": {
            "value": 373.9172058105469,
            "min": -171.08731079101562,
            "max": 1570.2154541015625,
            "count": 200
        },
        "move_to_moving_target_03.Policy.CuriosityValueEstimate.mean": {
            "value": 0.13241969048976898,
            "min": -0.0397549644112587,
            "max": 5.632134914398193,
            "count": 200
        },
        "move_to_moving_target_03.Policy.CuriosityValueEstimate.sum": {
            "value": 26.351518630981445,
            "min": -7.911237716674805,
            "max": 1115.1627197265625,
            "count": 200
        },
        "move_to_moving_target_03.Losses.PolicyLoss.mean": {
            "value": 0.046793159020631324,
            "min": 0.04579670043843544,
            "max": 0.05338063827784548,
            "count": 200
        },
        "move_to_moving_target_03.Losses.PolicyLoss.sum": {
            "value": 0.28075895412378793,
            "min": 0.13976559919913298,
            "max": 0.32028382966707286,
            "count": 200
        },
        "move_to_moving_target_03.Losses.ValueLoss.mean": {
            "value": 0.5085227741187232,
            "min": 0.22213798231983248,
            "max": 16.064033044390452,
            "count": 200
        },
        "move_to_moving_target_03.Losses.ValueLoss.sum": {
            "value": 3.051136644712339,
            "min": 0.6664139469594974,
            "max": 48.19209913317136,
            "count": 200
        },
        "move_to_moving_target_03.Policy.LearningRate.mean": {
            "value": 6.351097883300024e-07,
            "min": 6.351097883300024e-07,
            "max": 0.00029906256031247996,
            "count": 200
        },
        "move_to_moving_target_03.Policy.LearningRate.sum": {
            "value": 3.810658729980015e-06,
            "min": 3.810658729980015e-06,
            "max": 0.00128242430252529,
            "count": 200
        },
        "move_to_moving_target_03.Policy.Epsilon.mean": {
            "value": 0.10021166999999999,
            "min": 0.10021166999999999,
            "max": 0.19968751999999998,
            "count": 200
        },
        "move_to_moving_target_03.Policy.Epsilon.sum": {
            "value": 0.60127002,
            "min": 0.5087898299999999,
            "max": 1.0274747100000003,
            "count": 200
        },
        "move_to_moving_target_03.Policy.Beta.mean": {
            "value": 2.0562333000000046e-05,
            "min": 2.0562333000000046e-05,
            "max": 0.004984407248,
            "count": 200
        },
        "move_to_moving_target_03.Policy.Beta.sum": {
            "value": 0.00012337399800000027,
            "min": 0.00012337399800000027,
            "max": 0.021390988029000003,
            "count": 200
        },
        "move_to_moving_target_03.Losses.CuriosityForwardLoss.mean": {
            "value": 0.06330144585161988,
            "min": 0.02393927981421948,
            "max": 57.823409291870384,
            "count": 200
        },
        "move_to_moving_target_03.Losses.CuriosityForwardLoss.sum": {
            "value": 0.3798086751097193,
            "min": 0.07181783944265845,
            "max": 173.47022787561116,
            "count": 200
        },
        "move_to_moving_target_03.Losses.CuriosityInverseLoss.mean": {
            "value": 0.12537462459618434,
            "min": 0.1171615553774043,
            "max": 3.171419939723385,
            "count": 200
        },
        "move_to_moving_target_03.Losses.CuriosityInverseLoss.sum": {
            "value": 0.752247747577106,
            "min": 0.6267738959187285,
            "max": 11.227233789539389,
            "count": 200
        },
        "move_to_moving_target_03.Environment.EpisodeLength.mean": {
            "value": 999.0,
            "min": 957.6486486486486,
            "max": 999.0,
            "count": 200
        },
        "move_to_moving_target_03.Environment.EpisodeLength.sum": {
            "value": 38961.0,
            "min": 30969.0,
            "max": 61938.0,
            "count": 200
        },
        "move_to_moving_target_03.Environment.CumulativeReward.mean": {
            "value": 185.93642687797546,
            "min": -131.16844367980957,
            "max": 198.5377627076774,
            "count": 200
        },
        "move_to_moving_target_03.Environment.CumulativeReward.sum": {
            "value": 7437.457075119019,
            "min": -6650.253359794617,
            "max": 11515.190237045288,
            "count": 200
        },
        "move_to_moving_target_03.Policy.ExtrinsicReward.mean": {
            "value": 185.93642687797546,
            "min": -131.16844367980957,
            "max": 198.5377627076774,
            "count": 200
        },
        "move_to_moving_target_03.Policy.ExtrinsicReward.sum": {
            "value": 7437.457075119019,
            "min": -6650.253359794617,
            "max": 11515.190237045288,
            "count": 200
        },
        "move_to_moving_target_03.Policy.CuriosityReward.mean": {
            "value": 1.2937079980969428,
            "min": 0.47334875243733515,
            "max": 15.174354360949609,
            "count": 200
        },
        "move_to_moving_target_03.Policy.CuriosityReward.sum": {
            "value": 51.748319923877716,
            "min": 19.94665167480707,
            "max": 470.40498518943787,
            "count": 200
        },
        "move_to_moving_target_03.IsTraining.mean": {
            "value": 1.0,
            "min": 1.0,
            "max": 1.0,
            "count": 200
        },
        "move_to_moving_target_03.IsTraining.sum": {
            "value": 1.0,
            "min": 1.0,
            "max": 1.0,
            "count": 200
        }
    },
    "metadata": {
        "timer_format_version": "0.1.0",
        "start_time_seconds": "1689174440",
        "python_version": "3.10.6 (main, May 29 2023, 11:10:38) [GCC 11.3.0]",
        "command_line_arguments": "/home/mih/.local/share/virtualenvs/ml_agents_test-Mi5MBi39/bin/mlagents-learn --run-id move_to_moving_target_03 --time-scale 20 move_to_moving_target.yaml",
        "mlagents_version": "0.30.0",
        "mlagents_envs_version": "0.30.0",
        "communication_protocol_version": "1.5.0",
        "pytorch_version": "1.13.1+cu117",
        "numpy_version": "1.21.2",
        "end_time_seconds": "1689188677"
    },
    "total": 14237.031510917004,
    "count": 1,
    "self": 0.010406591005448718,
    "children": {
        "run_training.setup": {
            "total": 0.00850645599712152,
            "count": 1,
            "self": 0.00850645599712152
        },
        "TrainerController.start_learning": {
            "total": 14237.012597870002,
            "count": 1,
            "self": 6.420599513097841,
            "children": {
                "TrainerController._reset_env": {
                    "total": 6.279690275994653,