{
    "name": "root",
    "gauges": {
        "shoot_moving_target_04.Policy.Entropy.mean": {
            "value": 1.8668140172958374,
            "min": 1.7957185506820679,
            "max": 3.666581153869629,
            "count": 200
        },
        "shoot_moving_target_04.Policy.Entropy.sum": {
            "value": 102316.34375,
            "min": 83369.375,
            "max": 199234.296875,
            "count": 200
        },
        "shoot_moving_target_04.Step.mean": {
            "value": 9999920.0,
            "min": 49944.0,
            "max": 9999920.0,
            "count": 200
        },
        "shoot_moving_target_04.Step.sum": {
            "value": 9999920.0,
            "min": 49944.0,
            "max": 9999920.0,
            "count": 200
        },
        "shoot_moving_target_04.Policy.ExtrinsicValueEstimate.mean": {
            "value": 1.3673733472824097,
            "min": -3.621290445327759,
            "max": 1.6017723083496094,
            "count": 200
        },
        "shoot_moving_target_04.Policy.ExtrinsicValueEstimate.sum": {
            "value": 272.1072998046875,
            "min": -717.0155029296875,
            "max": 321.95623779296875,
            "count": 200
        },
        "shoot_moving_target_04.Policy.CuriosityValueEstimate.mean": {
            "value": 0.1736229509115219,
            "min": -13.040783882141113,
            "max": 0.4531480371952057,
            "count": 200
        },
        "shoot_moving_target_04.Policy.CuriosityValueEstimate.sum": {
            "value": 34.550968170166016,
            "min": -2582.0751953125,
            "max": 91.08275604248047,
            "count": 200
        },
        "shoot_moving_target_04.Losses.PolicyLoss.mean": {
            "value": 0.04830804079090754,
            "min": 0.04029409938797569,
            "max": 0.05565962765390903,
            "count": 200
        },
        "shoot_moving_target_04.Losses.PolicyLoss.sum": {
            "value": 0.19323216316363015,
            "min": 0.12088229816392708,
            "max": 0.21398104970134302,
            "count": 200
        },
        "shoot_moving_target_04.Losses.ValueLoss.mean": {
            "value": 0.9262060869973292,
            "min": 0.23995827725325178,
            "max": 17.343228209729137,
            "count": 200
        },
        "shoot_moving_target_04.Losses.ValueLoss.sum": {
            "value": 3.704824347989317,
            "min": 0.7198748317597553,
            "max": 52.029684629187415,
            "count": 200
        },
        "shoot_moving_target_04.Policy.LearningRate.mean": {
            "value": 7.670197443600042e-07,
            "min": 7.670197443600042e-07,
            "max": 0.00029906256031247996,
            "count": 200
        },
        "shoot_moving_target_04.Policy.LearningRate.sum": {
            "value": 3.068078977440017e-06,
            "min": 3.068078977440017e-06,
            "max": 0.0011730076889974398,
            "count": 200
        },
        "shoot_moving_target_04.Policy.Epsilon.mean": {
            "value": 0.10025564000000001,
            "min": 0.10025564000000001,
            "max": 0.19968751999999998,
            "count": 200
        },
        "shoot_moving_target_04.Policy.Epsilon.sum": {
            "value": 0.40102256000000003,
            "min": 0.30239256000000003,
            "max": 0.7910025599999999,
            "count": 200
        },
        "shoot_moving_target_04.Policy.Beta.mean": {
            "value": 2.2756436000000067e-05,
            "min": 2.2756436000000067e-05,
            "max": 0.004984407248,
            "count": 200
        },
        "shoot_moving_target_04.Policy.Beta.sum": {
            "value": 9.102574400000027e-05,
            "min": 9.102574400000027e-05,
            "max": 0.019551027744,
            "count": 200
        },
        "shoot_moving_target_04.Losses.CuriosityForwardLoss.mean": {
            "value": 0.08167249770522395,
            "min": 0.0416040902017115,
            "max": 71.46076534065666,
            "count": 200
        },
        "shoot_moving_target_04.Losses.CuriosityForwardLoss.sum": {
            "value": 0.3266899908208958,
            "min": 0.12481227060513449,
            "max": 214.38229602197,
            "count": 200
        },
        "shoot_moving_target_04.Losses.CuriosityInverseLoss.mean": {
            "value": 1.2647243649804878,
            "min": 1.2226162511785434,
            "max": 4.475138938613089,
            "count": 200
        },
        "shoot_moving_target_04.Losses.CuriosityInverseLoss.sum": {
            "value": 5.058897459921951,
            "min": 3.679041680311796,
            "max": 13.967118760786445,
            "count": 200
        },
        "shoot_moving_target_04.Environment.EpisodeLength.mean": {
            "value": 999.0,
            "min": 999.0,
            "max": 999.0,
            "count": 200
        },
        "shoot_moving_target_04.Environment.EpisodeLength.sum": {
            "value": 30969.0,
            "min": 30969.0,
            "max": 61938.0,
            "count": 200
        },
        "shoot_moving_target_04.Environment.CumulativeReward.mean": {
            "value": 138.71939659780926,
            "min": -155.2318341655116,
            "max": 155.7456498453694,
            "count": 200
        },
        "shoot_moving_target_04.Environment.CumulativeReward.sum": {
            "value": 4993.898277521133,
            "min": -7109.967296600342,
            "max": 9656.230290412903,
            "count": 200
        },
        "shoot_moving_target_04.Policy.ExtrinsicReward.mean": {
            "value": 138.71939659780926,
            "min": -155.2318341655116,
            "max": 155.7456498453694,
            "count": 200
        },
        "shoot_moving_target_04.Policy.ExtrinsicReward.sum": {
            "value": 4993.898277521133,
            "min": -7109.967296600342,
            "max": 9656.230290412903,
            "count": 200
        },
        "shoot_moving_target_04.Policy.CuriosityReward.mean": {
            "value": 1.693692784342501,
            "min": 0.8999060951933568,
            "max": 18.370293340375348,
            "count": 200
        },
        "shoot_moving_target_04.Policy.CuriosityReward.sum": {
            "value": 60.97294023633003,
            "min": 29.68326234817505,
            "max": 569.4790935516357,
            "count": 200
        },
        "shoot_moving_target_04.IsTraining.mean": {
            "value": 1.0,
            "min": 1.0,
            "max": 1.0,
            "count": 200
        },
        "shoot_moving_target_04.IsTraining.sum": {
            "value": 1.0,
            "min": 1.0,
            "max": 1.0,
            "count": 200
        }
    },
    "metadata": {
        "timer_format_version": "0.1.0",
        "start_time_seconds": "1691590159",
        "python_version": "3.10.12 (main, Jun 11 2023, 05:26:28) [GCC 11.4.0]",
        "command_line_arguments": "/home/mih/.local/share/virtualenvs/ml_agents_test-Mi5MBi39/bin/mlagents-learn --run-id shoot_moving_target_04 --time-scale 20 shoot_moving_target.yaml",
        "mlagents_version": "0.30.0",
        "mlagents_envs_version": "0.30.0",
        "communication_protocol_version": "1.5.0",
        "pytorch_version": "1.13.1+cu117",
        "numpy_version": "1.21.2",
        "end_time_seconds": "1691605116"
    },
    "total": 14956.716845897998,
    "count": 1,
    "self": 0.011980383995251032,
    "children": {
        "run_training.setup": {
            "total": 0.008590723002271261,
            "count": 1,
            "self": 0.008590723002271261
        },
        "TrainerController.start_learning": {
            "total": 14956.696274791,
            "count": 1,
            "self": 6.376314069053478,
            "children": {
                "TrainerController._reset_env": {
                    "total": 11.056168846000219,
                    "count": 1,
                    "self": 11.056168846000219
                },