{
    "name": "root",
    "gauges": {
        "move_to_static_target_12.Policy.Entropy.mean": {
            "value": 0.5995276570320129,
            "min": 0.5886737108230591,
            "max": 3.0507264137268066,
            "count": 200
        },
        "move_to_static_target_12.Policy.Entropy.sum": {
            "value": 30201.20703125,
            "min": 29033.9765625,
            "max": 167204.21875,
            "count": 200
        },
        "move_to_static_target_12.Step.mean": {
            "value": 9999782.0,
            "min": 49944.0,
            "max": 9999782.0,
            "count": 200
        },
        "move_to_static_target_12.Step.sum": {
            "value": 9999782.0,
            "min": 49944.0,
            "max": 9999782.0,
            "count": 200
        },
        "move_to_static_target_12.Policy.ExtrinsicValueEstimate.mean": {
            "value": 1.5288522243499756,
            "min": -3.672837495803833,
            "max": 1.7527587413787842,
            "count": 200
        },
        "move_to_static_target_12.Policy.ExtrinsicValueEstimate.sum": {
            "value": 305.77044677734375,
            "min": -727.2218017578125,
            "max": 350.5517578125,
            "count": 200
        },
        "move_to_static_target_12.Policy.CuriosityValueEstimate.mean": {
            "value": 0.11434301733970642,
            "min": -2.839329481124878,
            "max": 3.108214855194092,
            "count": 200
        },
        "move_to_static_target_12.Policy.CuriosityValueEstimate.sum": {
            "value": 22.868602752685547,
            "min": -562.187255859375,
            "max": 1071.23046875,
            "count": 200
        },
        "move_to_static_target_12.Losses.PolicyLoss.mean": {
            "value": 0.04852811050093603,
            "min": 0.04459377978410986,
            "max": 0.053824560410349574,
            "count": 200
        },
        "move_to_static_target_12.Losses.PolicyLoss.sum": {
            "value": 0.29116866300561617,
            "min": 0.14650583491244265,
            "max": 0.3629265521740308,
            "count": 200
        },
        "move_to_static_target_12.Losses.ValueLoss.mean": {
            "value": 0.021921936132356573,
            "min": 0.0008664703961787584,
            "max": 46.681552516868884,
            "count": 200
        },
        "move_to_static_target_12.Losses.ValueLoss.sum": {
            "value": 0.13153161679413944,
            "min": 0.00519882237707255,
            "max": 280.0893151012133,
            "count": 200
        },
        "move_to_static_target_12.Policy.LearningRate.mean": {
            "value": 7.607997464333308e-07,
            "min": 7.607997464333308e-07,
            "max": 0.00029906256031247996,
            "count": 200
        },
        "move_to_static_target_12.Policy.LearningRate.sum": {
            "value": 4.564798478599985e-06,
            "min": 4.564798478599985e-06,
            "max": 0.0018742545752485,
            "count": 200
        },
        "move_to_static_target_12.Policy.Epsilon.mean": {
            "value": 0.10025356666666664,
            "min": 0.10025356666666664,
            "max": 0.19968751999999998,
            "count": 200
        },
        "move_to_static_target_12.Policy.Epsilon.sum": {
            "value": 0.6015213999999999,
            "min": 0.5976717200000001,
            "max": 1.3247515,
            "count": 200
        },
        "move_to_static_target_12.Policy.Beta.mean": {
            "value": 2.265297666666663e-05,
            "min": 2.265297666666663e-05,
            "max": 0.004984407248,
            "count": 200
        },
        "move_to_static_target_12.Policy.Beta.sum": {
            "value": 0.00013591785999999978,
            "min": 0.00013591785999999978,
            "max": 0.03124509985,
            "count": 200
        },
        "move_to_static_target_12.Losses.CuriosityForwardLoss.mean": {
            "value": 0.05593221176726123,
            "min": 0.011647911194715975,
            "max": 57.95144600085708,
            "count": 200
        },
        "move_to_static_target_12.Losses.CuriosityForwardLoss.sum": {
            "value": 0.33559327060356736,
            "min": 0.058239555973579875,
            "max": 173.85433800257124,
            "count": 200
        },
        "move_to_static_target_12.Losses.CuriosityInverseLoss.mean": {
            "value": 0.08425623759911914,
            "min": 0.07324133475453386,
            "max": 3.3028584170563096,
            "count": 200
        },
        "move_to_static_target_12.Losses.CuriosityInverseLoss.sum": {
            "value": 0.5055374255947148,
            "min": 0.4394480085272031,
            "max": 17.395057501892246,
            "count": 200
        },
        "move_to_static_target_12.Environment.EpisodeLength.mean": {
            "value": 999.0,
            "min": 151.84782608695653,
            "max": 999.0,
            "count": 200
        },
        "move_to_static_target_12.Environment.EpisodeLength.sum": {
            "value": 53946.0,
            "min": 30969.0,
            "max": 61638.0,
            "count": 200
        },
        "move_to_static_target_12.Environment.CumulativeReward.mean": {
            "value": 148.13586780260195,
            "min": -115.73412627558554,
            "max": 176.35329539959247,
            "count": 200
        },
        "move_to_static_target_12.Environment.CumulativeReward.sum": {
            "value": 7851.200993537903,
            "min": -6941.421325683594,
            "max": 9170.371360778809,
            "count": 200
        },
        "move_to_static_target_12.Policy.ExtrinsicReward.mean": {
            "value": 148.13586780260195,
            "min": -115.73412627558554,
            "max": 176.35329539959247,
            "count": 200
        },
        "move_to_static_target_12.Policy.ExtrinsicReward.sum": {
            "value": 7851.200993537903,
            "min": -6941.421325683594,
            "max": 9170.371360778809,
            "count": 200
        },
        "move_to_static_target_12.Policy.CuriosityReward.mean": {
            "value": 1.1481928150608856,
            "min": 0.08869512573939867,
            "max": 10.69825150505189,
            "count": 200
        },
        "move_to_static_target_12.Policy.CuriosityReward.sum": {
            "value": 60.85421919822693,
            "min": 13.076665461747325,
            "max": 331.6457966566086,
            "count": 200
        },
        "move_to_static_target_12.IsTraining.mean": {
            "value": 1.0,
            "min": 1.0,
            "max": 1.0,
            "count": 200
        },
        "move_to_static_target_12.IsTraining.sum": {
            "value": 1.0,
            "min": 1.0,
            "max": 1.0,
            "count": 200
        }
    },
    "metadata": {
        "timer_format_version": "0.1.0",
        "start_time_seconds": "1686244883",
        "python_version": "3.10.6 (main, Mar 10 2023, 10:55:28) [GCC 11.3.0]",
        "command_line_arguments": "/home/mih/.local/share/virtualenvs/ml_agents_test-Mi5MBi39/bin/mlagents-learn --run-id move_to_static_target_12 --time-scale 20 move_to_static_target.yaml",
        "mlagents_version": "0.30.0",
        "mlagents_envs_version": "0.30.0",
        "communication_protocol_version": "1.5.0",
        "pytorch_version": "1.13.1+cu117",
        "numpy_version": "1.21.2",
        "end_time_seconds": "1686258423"
    },
    "total": 13540.762534618,
    "count": 1,
    "self": 0.02678999000636395,
    "children": {
        "run_training.setup": {
            "total": 0.008674343000166118,
            "count": 1,
            "self": 0.008674343000166118
        },
        "TrainerController.start_learning": {
            "total": 13540.727070284993,
            "count": 1,
            "self": 6.145584952886566,
            "children": {
                "TrainerController._reset_env": {
                    "total": 5.919670882998616,