{
    "name": "root",
    "gauges": {
        "shoot_moving_target_v2_06.Policy.Entropy.mean": {
            "value": 1.8780262470245361,
            "min": 1.862129807472229,
            "max": 4.603429317474365,
            "count": 200
        },
        "shoot_moving_target_v2_06.Policy.Entropy.sum": {
            "value": 102930.859375,
            "min": 86110.390625,
            "max": 252304.75,
            "count": 200
        },
        "shoot_moving_target_v2_06.Step.mean": {
            "value": 9999920.0,
            "min": 49944.0,
            "max": 9999920.0,
            "count": 200
        },
        "shoot_moving_target_v2_06.Step.sum": {
            "value": 9999920.0,
            "min": 49944.0,
            "max": 9999920.0,
            "count": 200
        },
        "shoot_moving_target_v2_06.Policy.ExtrinsicValueEstimate.mean": {
            "value": -0.28801992535591125,
            "min": -2.3404388427734375,
            "max": -0.14542926847934723,
            "count": 200
        },
        "shoot_moving_target_v2_06.Policy.ExtrinsicValueEstimate.sum": {
            "value": -57.31596755981445,
            "min": -470.42822265625,
            "max": -28.940425872802734,
            "count": 200
        },
        "shoot_moving_target_v2_06.Policy.CuriosityValueEstimate.mean": {
            "value": 0.18793141841888428,
            "min": -5.024013519287109,
            "max": 0.3569718599319458,
            "count": 200
        },
        "shoot_moving_target_v2_06.Policy.CuriosityValueEstimate.sum": {
            "value": 37.398353576660156,
            "min": -994.754638671875,
            "max": 71.03739929199219,
            "count": 200
        },
        "shoot_moving_target_v2_06.Losses.PolicyLoss.mean": {
            "value": 0.04729829173092021,
            "min": 0.04729829173092021,
            "max": 0.05843230276290198,
            "count": 200
        },
        "shoot_moving_target_v2_06.Losses.PolicyLoss.sum": {
            "value": 0.18919316692368085,
            "min": 0.1437505172280089,
            "max": 0.22351635300319425,
            "count": 200
        },
        "shoot_moving_target_v2_06.Losses.ValueLoss.mean": {
            "value": 0.8470599074531105,
            "min": 0.15659895203767737,
            "max": 1.9176901873540826,
            "count": 200
        },
        "shoot_moving_target_v2_06.Losses.ValueLoss.sum": {
            "value": 3.388239629812442,
            "min": 0.4697968561130321,
            "max": 5.7530705620622475,
            "count": 200
        },
        "shoot_moving_target_v2_06.Policy.LearningRate.mean": {
            "value": 7.670197443600042e-07,
            "min": 7.670197443600042e-07,
            "max": 0.00029906256031247996,
            "count": 200
        },
        "shoot_moving_target_v2_06.Policy.LearningRate.sum": {
            "value": 3.068078977440017e-06,
            "min": 3.068078977440017e-06,
            "max": 0.0011730076889974398,
            "count": 200
        },
        "shoot_moving_target_v2_06.Policy.Epsilon.mean": {
            "value": 0.10025564000000001,
            "min": 0.10025564000000001,
            "max": 0.19968751999999998,
            "count": 200
        },
        "shoot_moving_target_v2_06.Policy.Epsilon.sum": {
            "value": 0.40102256000000003,
            "min": 0.30239256000000003,
            "max": 0.7910025599999999,
            "count": 200
        },
        "shoot_moving_target_v2_06.Policy.Beta.mean": {
            "value": 2.2756436000000067e-05,
            "min": 2.2756436000000067e-05,
            "max": 0.004984407248,
            "count": 200
        },
        "shoot_moving_target_v2_06.Policy.Beta.sum": {
            "value": 9.102574400000027e-05,
            "min": 9.102574400000027e-05,
            "max": 0.019551027744,
            "count": 200
        },
        "shoot_moving_target_v2_06.Losses.CuriosityForwardLoss.mean": {
            "value": 0.0913597010123571,
            "min": 0.019999663320734773,
            "max": 42.8522854957065,
            "count": 200
        },
        "shoot_moving_target_v2_06.Losses.CuriosityForwardLoss.sum": {
            "value": 0.3654388040494284,
            "min": 0.06670696415884292,
            "max": 128.5568564871195,
            "count": 200
        },
        "shoot_moving_target_v2_06.Losses.CuriosityInverseLoss.mean": {
            "value": 1.6970627605371926,
            "min": 1.6970627605371926,
            "max": 4.9751474295936475,
            "count": 200
        },
        "shoot_moving_target_v2_06.Losses.CuriosityInverseLoss.sum": {
            "value": 6.7882510421487705,
            "min": 5.100035670330686,
            "max": 18.38672548272863,
            "count": 200
        },
        "shoot_moving_target_v2_06.Environment.EpisodeLength.mean": {
            "value": 999.0,
            "min": 999.0,
            "max": 999.0,
            "count": 200
        },
        "shoot_moving_target_v2_06.Environment.EpisodeLength.sum": {
            "value": 30969.0,
            "min": 30969.0,
            "max": 61938.0,
            "count": 200
        },
        "shoot_moving_target_v2_06.Environment.CumulativeReward.mean": {
            "value": -27.84454780817032,
            "min": -246.56555680305726,
            "max": -19.2850868586571,
            "count": 200
        },
        "shoot_moving_target_v2_06.Environment.CumulativeReward.sum": {
            "value": -1002.4037210941315,
            "min": -14577.918098449707,
            "max": -783.8040854930878,
            "count": 200
        },
        "shoot_moving_target_v2_06.Policy.ExtrinsicReward.mean": {
            "value": -27.84454780817032,
            "min": -246.56555680305726,
            "max": -19.2850868586571,
            "count": 200
        },
        "shoot_moving_target_v2_06.Policy.ExtrinsicReward.sum": {
            "value": -1002.4037210941315,
            "min": -14577.918098449707,
            "max": -783.8040854930878,
            "count": 200
        },
        "shoot_moving_target_v2_06.Policy.CuriosityReward.mean": {
            "value": 1.9129473103417292,
            "min": 0.42326234749728636,
            "max": 10.215043490932834,
            "count": 200
        },
        "shoot_moving_target_v2_06.Policy.CuriosityReward.sum": {
            "value": 68.86610317230225,
            "min": 13.453221961855888,
            "max": 316.66634821891785,
            "count": 200
        },
        "shoot_moving_target_v2_06.IsTraining.mean": {
            "value": 1.0,
            "min": 1.0,
            "max": 1.0,
            "count": 200
        },
        "shoot_moving_target_v2_06.IsTraining.sum": {
            "value": 1.0,
            "min": 1.0,
            "max": 1.0,
            "count": 200
        }
    },
    "metadata": {
        "timer_format_version": "0.1.0",
        "start_time_seconds": "1692770618",
        "python_version": "3.10.12 (main, Jun 11 2023, 05:26:28) [GCC 11.4.0]",
        "command_line_arguments": "/home/mih/.local/share/virtualenvs/ml_agents_test-Mi5MBi39/bin/mlagents-learn --run-id shoot_moving_target_v2_06 --time-scale 20 shoot_moving_target_v2.yaml",
        "mlagents_version": "0.30.0",
        "mlagents_envs_version": "0.30.0",
        "communication_protocol_version": "1.5.0",
        "pytorch_version": "1.13.1+cu117",
        "numpy_version": "1.21.2",
        "end_time_seconds": "1692784375"
    },
    "total": 13756.617919839,
    "count": 1,
    "self": 0.020639512998968712,
    "children": {
        "run_training.setup": {
            "total": 0.010778547000001026,
            "count": 1,
            "self": 0.010778547000001026
        },
        "TrainerController.start_learning": {
            "total": 13756.586501779,
            "count": 1,
            "self": 5.51896549113917,