{
    "name": "root",
    "gauges": {
        "move_to_moving_target_13.Policy.Entropy.mean": {
            "value": 0.5428334474563599,
            "min": 0.5360183119773865,
            "max": 2.9673681259155273,
            "count": 200
        },
        "move_to_moving_target_13.Policy.Entropy.sum": {
            "value": 29751.6171875,
            "min": 24918.49609375,
            "max": 162635.515625,
            "count": 200
        },
        "move_to_moving_target_13.Step.mean": {
            "value": 9999848.0,
            "min": 49872.0,
            "max": 9999848.0,
            "count": 200
        },
        "move_to_moving_target_13.Step.sum": {
            "value": 9999848.0,
            "min": 49872.0,
            "max": 9999848.0,
            "count": 200
        },
        "move_to_moving_target_13.Policy.ExtrinsicValueEstimate.mean": {
            "value": 1.9692018032073975,
            "min": -7.004858016967773,
            "max": 2.2342073917388916,
            "count": 200
        },
        "move_to_moving_target_13.Policy.ExtrinsicValueEstimate.sum": {
            "value": 391.87115478515625,
            "min": -1386.9619140625,
            "max": 449.07568359375,
            "count": 200
        },
        "move_to_moving_target_13.Policy.CuriosityValueEstimate.mean": {
            "value": 0.12811154127120972,
            "min": -0.16913683712482452,
            "max": 1.1058101654052734,
            "count": 200
        },
        "move_to_moving_target_13.Policy.CuriosityValueEstimate.sum": {
            "value": 25.494197845458984,
            "min": -33.65822982788086,
            "max": 218.95042419433594,
            "count": 200
        },
        "move_to_moving_target_13.Environment.EpisodeLength.mean": {
            "value": 999.0,
            "min": 981.5,
            "max": 999.0,
            "count": 200
        },
        "move_to_moving_target_13.Environment.EpisodeLength.sum": {
            "value": 31968.0,
            "min": 31408.0,
            "max": 61938.0,
            "count": 200
        },
        "move_to_moving_target_13.Environment.CumulativeReward.mean": {
            "value": 200.50243104470744,
            "min": -98.15296918153763,
            "max": 216.17367251714072,
            "count": 200
        },
        "move_to_moving_target_13.Environment.CumulativeReward.sum": {
            "value": 7418.589948654175,
            "min": -4777.59512090683,
            "max": 13149.051915168762,
            "count": 200
        },
        "move_to_moving_target_13.Policy.ExtrinsicReward.mean": {
            "value": 200.50243104470744,
            "min": -98.15296918153763,
            "max": 216.17367251714072,
            "count": 200
        },
        "move_to_moving_target_13.Policy.ExtrinsicReward.sum": {
            "value": 7418.589948654175,
            "min": -4777.59512090683,
            "max": 13149.051915168762,
            "count": 200
        },
        "move_to_moving_target_13.Policy.CuriosityReward.mean": {
            "value": 1.293460194726248,
            "min": 0.29869335493253124,
            "max": 11.554207362234592,
            "count": 200
        },
        "move_to_moving_target_13.Policy.CuriosityReward.sum": {
            "value": 47.85802720487118,
            "min": 10.692223608493805,
            "max": 369.73463559150696,
            "count": 200
        },
        "move_to_moving_target_13.Losses.PolicyLoss.mean": {
            "value": 0.04872054400971296,
            "min": 0.04541739022742466,
            "max": 0.05345478478208371,
            "count": 200
        },
        "move_to_moving_target_13.Losses.PolicyLoss.sum": {
            "value": 0.19488217603885183,
            "min": 0.13625217068227397,
            "max": 0.2135482670998411,
            "count": 200
        },
        "move_to_moving_target_13.Losses.ValueLoss.mean": {
            "value": 0.20983220475612055,
            "min": 0.07588588709737329,
            "max": 9.728182253886606,
            "count": 200
        },
        "move_to_moving_target_13.Losses.ValueLoss.sum": {
            "value": 0.8393288190244822,
            "min": 0.22765766129211987,
            "max": 29.18454676165982,
            "count": 200
        },
        "move_to_moving_target_13.Policy.LearningRate.mean": {
            "value": 7.68819743760006e-07,
            "min": 7.68819743760006e-07,
            "max": 0.0002990644803118399,
            "count": 200
        },
        "move_to_moving_target_13.Policy.LearningRate.sum": {
            "value": 3.075278975040024e-06,
            "min": 3.075278975040024e-06,
            "max": 0.00117301488899504,
            "count": 200
        },
        "move_to_moving_target_13.Policy.Epsilon.mean": {
            "value": 0.10025624000000001,
            "min": 0.10025624000000001,
            "max": 0.19968816000000003,
            "count": 200
        },
        "move_to_moving_target_13.Policy.Epsilon.sum": {
            "value": 0.40102496000000004,
            "min": 0.30239448,
            "max": 0.7910049600000001,
            "count": 200
        },
        "move_to_moving_target_13.Policy.Beta.mean": {
            "value": 2.27863760000001e-05,
            "min": 2.27863760000001e-05,
            "max": 0.0049844391839999995,
            "count": 200
        },
        "move_to_moving_target_13.Policy.Beta.sum": {
            "value": 9.11455040000004e-05,
            "min": 9.11455040000004e-05,
            "max": 0.019551147504,
            "count": 200
        },
        "move_to_moving_target_13.Losses.CuriosityForwardLoss.mean": {
            "value": 0.06118194415276554,
            "min": 0.013383530343576441,
            "max": 74.1131906544657,
            "count": 200
        },
        "move_to_moving_target_13.Losses.CuriosityForwardLoss.sum": {
            "value": 0.24472777661106215,
            "min": 0.04015059103072932,
            "max": 222.33957196339708,
            "count": 200
        },
        "move_to_moving_target_13.Losses.CuriosityInverseLoss.mean": {
            "value": 0.11042919009225248,
            "min": 0.1079566650577254,
            "max": 3.237451837885093,
            "count": 200
        },
        "move_to_moving_target_13.Losses.CuriosityInverseLoss.sum": {
            "value": 0.4417167603690099,
            "min": 0.3238699951731762,
            "max": 10.825309587582687,
            "count": 200
        },
        "move_to_moving_target_13.IsTraining.mean": {
            "value": 1.0,
            "min": 1.0,
            "max": 1.0,
            "count": 200
        },
        "move_to_moving_target_13.IsTraining.sum": {
            "value": 1.0,
            "min": 1.0,
            "max": 1.0,
            "count": 200
        }
    },
    "metadata": {
        "timer_format_version": "0.1.0",
        "start_time_seconds": "1689844325",
        "python_version": "3.10.6 (main, May 29 2023, 11:10:38) [GCC 11.3.0]",
        "command_line_arguments": "/home/mih/.local/share/virtualenvs/ml_agents_test-Mi5MBi39/bin/mlagents-learn --run-id move_to_moving_target_13 --time-scale 20 move_to_moving_target.yaml",
        "mlagents_version": "0.30.0",
        "mlagents_envs_version": "0.30.0",
        "communication_protocol_version": "1.5.0",
        "pytorch_version": "1.13.1+cu117",
        "numpy_version": "1.21.2",
        "end_time_seconds": "1689856881"
    },
    "total": 12555.514158652,
    "count": 1,
    "self": 0.03284588500173413,
    "children": {
        "run_training.setup": {
            "total": 0.00843039199935447,
            "count": 1,
            "self": 0.00843039199935447
        },
        "TrainerController.start_learning": {
            "total": 12555.472882375,
            "count": 1,
            "self": 5.884274817057303,
            "children": {
                "TrainerController._reset_env": {
                    "total": 6.507356957999946,
                    "count": 1,