{
    "name": "root",
    "gauges": {
        "shoot_moving_target_v2_12.Policy.Entropy.mean": {
            "value": 2.6198999881744385,
            "min": 2.6198999881744385,
            "max": 4.962562084197998,
            "count": 200
        },
        "shoot_moving_target_v2_12.Policy.Entropy.sum": {
            "value": 143591.484375,
            "min": 121305.859375,
            "max": 271988.09375,
            "count": 200
        },
        "shoot_moving_target_v2_12.Step.mean": {
            "value": 9999855.0,
            "min": 49879.0,
            "max": 9999855.0,
            "count": 200
        },
        "shoot_moving_target_v2_12.Step.sum": {
            "value": 9999855.0,
            "min": 49879.0,
            "max": 9999855.0,
            "count": 200
        },
        "shoot_moving_target_v2_12.Policy.ExtrinsicValueEstimate.mean": {
            "value": -1.0836938619613647,
            "min": -2.8330295085906982,
            "max": -1.0342878103256226,
            "count": 200
        },
        "shoot_moving_target_v2_12.Policy.ExtrinsicValueEstimate.sum": {
            "value": -215.65509033203125,
            "min": -560.9398193359375,
            "max": -205.82327270507812,
            "count": 200
        },
        "shoot_moving_target_v2_12.Policy.CuriosityValueEstimate.mean": {
            "value": 0.18225130438804626,
            "min": 0.03501744195818901,
            "max": 1.986498236656189,
            "count": 200
        },
        "shoot_moving_target_v2_12.Policy.CuriosityValueEstimate.sum": {
            "value": 36.268009185791016,
            "min": 7.038505554199219,
            "max": 393.32666015625,
            "count": 200
        },
        "shoot_moving_target_v2_12.Environment.EpisodeLength.mean": {
            "value": 999.0,
            "min": 981.71875,
            "max": 999.0,
            "count": 200
        },
        "shoot_moving_target_v2_12.Environment.EpisodeLength.sum": {
            "value": 31968.0,
            "min": 31415.0,
            "max": 61938.0,
            "count": 200
        },
        "shoot_moving_target_v2_12.Environment.CumulativeReward.mean": {
            "value": -107.79057348096693,
            "min": -209.9386612176895,
            "max": -100.24055095016956,
            "count": 200
        },
        "shoot_moving_target_v2_12.Environment.CumulativeReward.sum": {
            "value": -3988.2512187957764,
            "min": -11701.117961883545,
            "max": -3207.697630405426,
            "count": 200
        },
        "shoot_moving_target_v2_12.Policy.ExtrinsicReward.mean": {
            "value": -107.79057348096693,
            "min": -209.9386612176895,
            "max": -100.24055095016956,
            "count": 200
        },
        "shoot_moving_target_v2_12.Policy.ExtrinsicReward.sum": {
            "value": -3988.2512187957764,
            "min": -11701.117961883545,
            "max": -3207.697630405426,
            "count": 200
        },
        "shoot_moving_target_v2_12.Policy.CuriosityReward.mean": {
            "value": 1.8125755021700989,
            "min": 0.37701512195292064,
            "max": 7.0605503767728806,
            "count": 200
        },
        "shoot_moving_target_v2_12.Policy.CuriosityReward.sum": {
            "value": 67.06529358029366,
            "min": 12.272652868181467,
            "max": 225.93761205673218,
            "count": 200
        },
        "shoot_moving_target_v2_12.Losses.PolicyLoss.mean": {
            "value": 0.05091093881504467,
            "min": 0.03819246097222318,
            "max": 0.05871546094258861,
            "count": 200
        },
        "shoot_moving_target_v2_12.Losses.PolicyLoss.sum": {
            "value": 0.2036437552601787,
            "min": 0.1366809271389426,
            "max": 0.2270812537716325,
            "count": 200
        },
        "shoot_moving_target_v2_12.Losses.ValueLoss.mean": {
            "value": 0.5170430857858979,
            "min": 0.11683770359645403,
            "max": 61.29789574181502,
            "count": 200
        },
        "shoot_moving_target_v2_12.Losses.ValueLoss.sum": {
            "value": 2.0681723431435914,
            "min": 0.3505131107893621,
            "max": 245.19158296726008,
            "count": 200
        },
        "shoot_moving_target_v2_12.Policy.LearningRate.mean": {
            "value": 7.686097438300001e-07,
            "min": 7.686097438300001e-07,
            "max": 0.00029906427031191,
            "count": 200
        },
        "shoot_moving_target_v2_12.Policy.LearningRate.sum": {
            "value": 3.0744389753200003e-06,
            "min": 3.0744389753200003e-06,
            "max": 0.0011730140489953197,
            "count": 200
        },
        "shoot_moving_target_v2_12.Policy.Epsilon.mean": {
            "value": 0.10025617,
            "min": 0.10025617,
            "max": 0.19968809000000007,
            "count": 200
        },
        "shoot_moving_target_v2_12.Policy.Epsilon.sum": {
            "value": 0.40102468,
            "min": 0.30239426999999997,
            "max": 0.7910046800000001,
            "count": 200
        },
        "shoot_moving_target_v2_12.Policy.Beta.mean": {
            "value": 2.2782883000000005e-05,
            "min": 2.2782883000000005e-05,
            "max": 0.004984435690999999,
            "count": 200
        },
        "shoot_moving_target_v2_12.Policy.Beta.sum": {
            "value": 9.113153200000002e-05,
            "min": 9.113153200000002e-05,
            "max": 0.019551133531999998,
            "count": 200
        },
        "shoot_moving_target_v2_12.Losses.CuriosityForwardLoss.mean": {
            "value": 0.08886971274601112,
            "min": 0.016485034064904577,
            "max": 60.114870376134384,
            "count": 200
        },
        "shoot_moving_target_v2_12.Losses.CuriosityForwardLoss.sum": {
            "value": 0.35547885098404447,
            "min": 0.04945510219471373,
            "max": 180.34461112840316,
            "count": 200
        },
        "shoot_moving_target_v2_12.Losses.CuriosityInverseLoss.mean": {
            "value": 2.2486961627101483,
            "min": 2.2486961627101483,
            "max": 5.267216169220628,
            "count": 200
        },
        "shoot_moving_target_v2_12.Losses.CuriosityInverseLoss.sum": {
            "value": 8.994784650840593,
            "min": 6.802826870875611,
            "max": 18.811723826273155,
            "count": 200
        },
        "shoot_moving_target_v2_12.IsTraining.mean": {
            "value": 1.0,
            "min": 1.0,
            "max": 1.0,
            "count": 200
        },
        "shoot_moving_target_v2_12.IsTraining.sum": {
            "value": 1.0,
            "min": 1.0,
            "max": 1.0,
            "count": 200
        }
    },
    "metadata": {
        "timer_format_version": "0.1.0",
        "start_time_seconds": "1692948040",
        "python_version": "3.10.12 (main, Jun 11 2023, 05:26:28) [GCC 11.4.0]",
        "command_line_arguments": "/home/mih/.local/share/virtualenvs/ml_agents_test-Mi5MBi39/bin/mlagents-learn --run-id shoot_moving_target_v2_12 --time-scale 20 shoot_moving_target_v2.yaml",
        "mlagents_version": "0.30.0",
        "mlagents_envs_version": "0.30.0",
        "communication_protocol_version": "1.5.0",
        "pytorch_version": "1.13.1+cu117",
        "numpy_version": "1.21.2",
        "end_time_seconds": "1692962345"
    },
    "total": 14304.757696689001,
    "count": 1,
    "self": 0.0345107100019959,
    "children": {
        "run_training.setup": {
            "total": 0.011512382000006482,
            "count": 1,
            "self": 0.011512382000006482
        },
        "TrainerController.start_learning": {
            "total": 14304.711673597,
            "count": 1,
            "self": 5.482879016924926,