{"count":1,"self":5492.4210176,"total":14660.8904086,"children":{"InitializeActuators":{"count":31,"self":0.0019976,"total":0.0019976,"children":null},"InitializeSensors":{"count":31,"self":0.0010002,"total":0.0010002,"children":null},"AgentSendState":{"count":1613451,"self":30.1556672,"total":264.594916,"children":{"CollectObservations":{"count":10003421,"self":100.1455232,"total":100.1455237,"children":null},"WriteActionMask":{"count":10003421,"self":6.6839167999999995,"total":6.6839167999999995,"children":null},"RequestDecision":{"count":10003421,"self":17.704511999999998,"total":127.60980889999999,"children":{"AgentInfo.ToProto":{"count":10003421,"self":18.4046544,"total":109.90529749999999,"children":{"GenerateSensorData":{"count":10003421,"self":91.50063999999999,"total":91.5006429,"children":null}}}}}}},"DecideAction":{"count":1613451,"self":8893.6128512,"total":8893.6130672,"children":null},"AgentAct":{"count":1613451,"self":9.8964688,"total":10.2293041,"children":{"AgentInfo.ToProto":{"count":9658,"self":0.055323899999999995,"total":0.3328357,"children":{"GenerateSensorData":{"count":9658,"self":0.2775118,"total":0.2775118,"children":null}}}}},"AgentInfo.ToProto":{"count":902,"self":0.0059993999999999994,"total":0.027005699999999997,"children":{"GenerateSensorData":{"count":902,"self":0.0210063,"total":0.0210063,"children":null}}}},"gauges":{"move_to_static_target_23.CumulativeReward":{"count":10560,"max":197.768616,"min":-211.574387,"runningAverage":29.1760387,"value":140.527725,"weightedAverage":143.906982}},"metadata":{"timer_format_version":"0.1.0","start_time_seconds":"1690613685","unity_version":"2021.1.16f1","command_line_arguments":"C:\\Program Files\\Unity\\Hub\\Editor\\2021.1.16f1\\Editor\\Unity.exe -projectpath D:\\Unity Projects\\Unity-Tanks-RL -useHub -hubIPC -cloudEnvironment production","communication_protocol_version":"1.5.0","com.unity.ml-agents_version":"2.3.0-exp.3","scene_name":"Move To Static Target","end_time_seconds":"1690628346"}}