{"count":1,"self":5682.9386752,"total":14301.812059299999,"children":{"InitializeActuators":{"count":31,"self":0.0019996,"total":0.0019996,"children":null},"InitializeSensors":{"count":31,"self":0.0020001999999999997,"total":0.0020001999999999997,"children":null},"AgentSendState":{"count":1613851,"self":25.4193984,"total":244.8432258,"children":{"CollectObservations":{"count":10005901,"self":96.80074239999999,"total":96.8007452,"children":null},"WriteActionMask":{"count":10005901,"self":4.5297247999999994,"total":4.5297247,"children":null},"RequestDecision":{"count":10005901,"self":16.0985424,"total":118.093358,"children":{"AgentInfo.ToProto":{"count":10005901,"self":16.4068448,"total":101.99481519999999,"children":{"GenerateSensorData":{"count":10005901,"self":85.587967999999989,"total":85.587970099999993,"children":null}}}}}}},"DecideAction":{"count":1613851,"self":8020.1555967999993,"total":8020.1556003,"children":null},"AgentAct":{"count":1613851,"self":353.76560639999997,"total":353.869119,"children":{"AgentInfo.ToProto":{"count":9982,"self":0.0170078,"total":0.1035174,"children":{"GenerateSensorData":{"count":9982,"self":0.086509599999999992,"total":0.086509599999999992,"children":null}}}}},"AgentInfo.ToProto":{"count":1,"self":0,"total":0,"children":{"GenerateSensorData":{"count":1,"self":0,"total":0,"children":null}}}},"gauges":{"shoot_moving_target_v2_12.CumulativeReward":{"count":9983,"max":-28.0341454,"min":-1775.26563,"runningAverage":-149.816833,"value":-139.453674,"weightedAverage":-119.89119}},"metadata":{"timer_format_version":"0.1.0","start_time_seconds":"1692948043","unity_version":"2021.1.16f1","command_line_arguments":"C:\\Program Files\\Unity\\Hub\\Editor\\2021.1.16f1\\Editor\\Unity.exe -projectpath D:\\Unity Projects\\Unity-Tanks-RL -useHub -hubIPC -cloudEnvironment production","communication_protocol_version":"1.5.0","com.unity.ml-agents_version":"2.3.0-exp.3","scene_name":"Shoot Moving Target V2","end_time_seconds":"1692962345"}}