{
    "name": "root",
    "gauges": {
        "move_to_static_target_05.Policy.Entropy.mean": {
            "value": -2.380750458996772e-07,
            "min": -2.3807511695395078e-07,
            "max": 0.08795265108346939,
            "count": 20
        },
        "move_to_static_target_05.Policy.Entropy.sum": {
            "value": -0.011882325634360313,
            "min": -0.011956132017076015,
            "max": 4444.24755859375,
            "count": 20
        },
        "move_to_static_target_05.Environment.EpisodeLength.mean": {
            "value": 19.0,
            "min": 19.0,
            "max": 20.53958691910499,
            "count": 20
        },
        "move_to_static_target_05.Environment.EpisodeLength.sum": {
            "value": 47462.0,
            "min": 47367.0,
            "max": 47734.0,
            "count": 20
        },
        "move_to_static_target_05.Step.mean": {
            "value": 999984.0,
            "min": 49998.0,
            "max": 999984.0,
            "count": 20
        },
        "move_to_static_target_05.Step.sum": {
            "value": 999984.0,
            "min": 49998.0,
            "max": 999984.0,
            "count": 20
        },
        "move_to_static_target_05.Policy.ExtrinsicValueEstimate.mean": {
            "value": -22.457565307617188,
            "min": -23.66761589050293,
            "max": -9.237998008728027,
            "count": 20
        },
        "move_to_static_target_05.Policy.ExtrinsicValueEstimate.sum": {
            "value": -56143.9140625,
            "min": -59169.0390625,
            "max": -21506.05859375,
            "count": 20
        },
        "move_to_static_target_05.Policy.CuriosityValueEstimate.mean": {
            "value": -0.16404908895492554,
            "min": -0.5587812066078186,
            "max": 34.58605194091797,
            "count": 20
        },
        "move_to_static_target_05.Policy.CuriosityValueEstimate.sum": {
            "value": -410.1227111816406,
            "min": -1396.9530029296875,
            "max": 80516.328125,
            "count": 20
        },
        "move_to_static_target_05.Environment.CumulativeReward.mean": {
            "value": -55.412480520629884,
            "min": -55.819785448869,
            "max": -55.41186386108399,
            "count": 20
        },
        "move_to_static_target_05.Environment.CumulativeReward.sum": {
            "value": -138531.2013015747,
            "min": -138531.42110443115,
            "max": -129557.72202682495,
            "count": 20
        },
        "move_to_static_target_05.Policy.ExtrinsicReward.mean": {
            "value": -55.412480520629884,
            "min": -55.819785448869,
            "max": -55.41186386108399,
            "count": 20
        },
        "move_to_static_target_05.Policy.ExtrinsicReward.sum": {
            "value": -138531.2013015747,
            "min": -138531.42110443115,
            "max": -129557.72202682495,
            "count": 20
        },
        "move_to_static_target_05.Policy.CuriosityReward.mean": {
            "value": 5.649932149930237e-05,
            "min": 7.773007745936411e-06,
            "max": 0.33373057846909243,
            "count": 20
        },
        "move_to_static_target_05.Policy.CuriosityReward.sum": {
            "value": 0.14124830374825592,
            "min": 0.019432519364841028,
            "max": 774.5886726267636,
            "count": 20
        },
        "move_to_static_target_05.Losses.PolicyLoss.mean": {
            "value": 0.048669493964957324,
            "min": 0.04714174705158156,
            "max": 0.053771731834988006,
            "count": 20
        },
        "move_to_static_target_05.Losses.PolicyLoss.sum": {
            "value": 0.29201696378974396,
            "min": 0.2828504823094894,
            "max": 0.322630391009928,
            "count": 20
        },
        "move_to_static_target_05.Losses.ValueLoss.mean": {
            "value": 66.72491344478395,
            "min": 65.56481515698964,
            "max": 470.49028007851706,
            "count": 20
        },
        "move_to_static_target_05.Losses.ValueLoss.sum": {
            "value": 400.3494806687037,
            "min": 393.3888909419378,
            "max": 2822.9416804711022,
            "count": 20
        },
        "move_to_static_target_05.Policy.LearningRate.mean": {
            "value": 0.00027085308971563996,
            "min": 0.00027085308971563996,
            "max": 0.00029913137528954164,
            "count": 20
        },
        "move_to_static_target_05.Policy.LearningRate.sum": {
            "value": 0.0016251185382938399,
            "min": 0.0016251185382938399,
            "max": 0.0017947882517372498,
            "count": 20
        },
        "move_to_static_target_05.Policy.Epsilon.mean": {
            "value": 0.19028436,
            "min": 0.19028436,
            "max": 0.19971045833333334,
            "count": 20
        },
        "move_to_static_target_05.Policy.Epsilon.sum": {
            "value": 1.14170616,
            "min": 1.14170616,
            "max": 1.19826275,
            "count": 20
        },
        "move_to_static_target_05.Policy.Beta.mean": {
            "value": 0.004515189564,
            "min": 0.004515189564,
            "max": 0.004985551870833334,
            "count": 20
        },
        "move_to_static_target_05.Policy.Beta.sum": {
            "value": 0.027091137384,
            "min": 0.027091137384,
            "max": 0.029913311225000003,
            "count": 20
        },
        "move_to_static_target_05.Losses.CuriosityForwardLoss.mean": {
            "value": 0.0002528420931753317,
            "min": 2.2485055647318102e-05,
            "max": 1460.7207672544494,
            "count": 20
        },
        "move_to_static_target_05.Losses.CuriosityForwardLoss.sum": {
            "value": 0.00151705255905199,
            "min": 0.0001349103338839086,
            "max": 8764.324603526697,
            "count": 20
        },
        "move_to_static_target_05.Losses.CuriosityInverseLoss.mean": {
            "value": 4.680251451974173e-06,
            "min": 4.680251451974173e-06,
            "max": 1.130037638518843,
            "count": 20
        },
        "move_to_static_target_05.Losses.CuriosityInverseLoss.sum": {
            "value": 2.8081508711845036e-05,
            "min": 2.8081508711845036e-05,
            "max": 6.780225831113058,
            "count": 20
        },
        "move_to_static_target_05.IsTraining.mean": {
            "value": 1.0,
            "min": 1.0,
            "max": 1.0,
            "count": 20
        },
        "move_to_static_target_05.IsTraining.sum": {
            "value": 1.0,
            "min": 1.0,
            "max": 1.0,
            "count": 20
        }
    },
    "metadata": {
        "timer_format_version": "0.1.0",
        "start_time_seconds": "1686126161",
        "python_version": "3.10.6 (main, Mar 10 2023, 10:55:28) [GCC 11.3.0]",
        "command_line_arguments": "/home/mih/.local/share/virtualenvs/ml_agents_test-Mi5MBi39/bin/mlagents-learn --run-id move_to_static_target_05 --time-scale 20 move_to_static_target.yaml",
        "mlagents_version": "0.30.0",
        "mlagents_envs_version": "0.30.0",
        "communication_protocol_version": "1.5.0",
        "pytorch_version": "1.13.1+cu117",
        "numpy_version": "1.21.2",
        "end_time_seconds": "1686127511"
    },
    "total": 1349.7771546250005,
    "count": 1,
    "self": 0.011025379000784596,
    "children": {
        "run_training.setup": {
            "total": 0.008019294000405353,
            "count": 1,
            "self": 0.008019294000405353
        },
        "TrainerController.start_learning": {
            "total": 1349.7581099519994,
            "count": 1,
            "self": 0.7043353101762477,
            "children": {
                "TrainerController._reset_env": {
                    "total": 5.983482002997334,
                    "count": 1,