{
    "name": "root",
    "gauges": {
        "shoot_moving_target_v2_01.Policy.Entropy.mean": {
            "value": 1.7097371816635132,
            "min": 1.6612101793289185,
            "max": 4.09489631652832,
            "count": 200
        },
        "shoot_moving_target_v2_01.Policy.Entropy.sum": {
            "value": 87771.0703125,
            "min": 82923.7421875,
            "max": 213618.65625,
            "count": 200
        },
        "shoot_moving_target_v2_01.Environment.EpisodeLength.mean": {
            "value": 999.0,
            "min": 436.54347826086956,
            "max": 999.0,
            "count": 200
        },
        "shoot_moving_target_v2_01.Environment.EpisodeLength.sum": {
            "value": 48951.0,
            "min": 40162.0,
            "max": 53946.0,
            "count": 200
        },
        "shoot_moving_target_v2_01.Step.mean": {
            "value": 9999967.0,
            "min": 49982.0,
            "max": 9999967.0,
            "count": 200
        },
        "shoot_moving_target_v2_01.Step.sum": {
            "value": 9999967.0,
            "min": 49982.0,
            "max": 9999967.0,
            "count": 200
        },
        "shoot_moving_target_v2_01.Policy.ExtrinsicValueEstimate.mean": {
            "value": -0.015718743205070496,
            "min": -2.9363317489624023,
            "max": 1.3591809272766113,
            "count": 200
        },
        "shoot_moving_target_v2_01.Policy.ExtrinsicValueEstimate.sum": {
            "value": -3.1437487602233887,
            "min": -607.8206787109375,
            "max": 326.20343017578125,
            "count": 200
        },
        "shoot_moving_target_v2_01.Policy.CuriosityValueEstimate.mean": {
            "value": 0.16720356047153473,
            "min": 0.04673053324222565,
            "max": 3.5298972129821777,
            "count": 200
        },
        "shoot_moving_target_v2_01.Policy.CuriosityValueEstimate.sum": {
            "value": 33.440711975097656,
            "min": 9.34610652923584,
            "max": 730.688720703125,
            "count": 200
        },
        "shoot_moving_target_v2_01.Environment.CumulativeReward.mean": {
            "value": -4.7265750291396165,
            "min": -264.9514804681142,
            "max": 9.093688686688742,
            "count": 200
        },
        "shoot_moving_target_v2_01.Environment.CumulativeReward.sum": {
            "value": -231.6021764278412,
            "min": -14900.0094871521,
            "max": 460.92386627197266,
            "count": 200
        },
        "shoot_moving_target_v2_01.Policy.ExtrinsicReward.mean": {
            "value": -4.7265750291396165,
            "min": -264.9514804681142,
            "max": 9.093688686688742,
            "count": 200
        },
        "shoot_moving_target_v2_01.Policy.ExtrinsicReward.sum": {
            "value": -231.6021764278412,
            "min": -14900.0094871521,
            "max": 460.92386627197266,
            "count": 200
        },
        "shoot_moving_target_v2_01.Policy.CuriosityReward.mean": {
            "value": 1.6474686611671836,
            "min": 0.48708156971855365,
            "max": 51.56989010263477,
            "count": 200
        },
        "shoot_moving_target_v2_01.Policy.CuriosityReward.sum": {
            "value": 80.725964397192,
            "min": 22.892833776772022,
            "max": 4744.429889442399,
            "count": 200
        },
        "shoot_moving_target_v2_01.Losses.PolicyLoss.mean": {
            "value": 0.04780016703914199,
            "min": 0.04430286537576144,
            "max": 0.05309681913166531,
            "count": 200
        },
        "shoot_moving_target_v2_01.Losses.PolicyLoss.sum": {
            "value": 0.28680100223485194,
            "min": 0.24068492098381672,
            "max": 0.3608702841205135,
            "count": 200
        },
        "shoot_moving_target_v2_01.Losses.ValueLoss.mean": {
            "value": 0.9215441827571352,
            "min": 0.1606639492626714,
            "max": 251.154676124764,
            "count": 200
        },
        "shoot_moving_target_v2_01.Losses.ValueLoss.sum": {
            "value": 5.529265096542812,
            "min": 0.9639836955760285,
            "max": 1506.928056748584,
            "count": 200
        },
        "shoot_moving_target_v2_01.Policy.LearningRate.mean": {
            "value": 6.614097795633371e-07,
            "min": 6.614097795633371e-07,
            "max": 0.000299242446252518,
            "count": 200
        },
        "shoot_moving_target_v2_01.Policy.LearningRate.sum": {
            "value": 3.968458677380022e-06,
            "min": 3.968458677380022e-06,
            "max": 0.0017871112542962497,
            "count": 200
        },
        "shoot_moving_target_v2_01.Policy.Epsilon.mean": {
            "value": 0.10022043666666669,
            "min": 0.10022043666666669,
            "max": 0.19974748199999998,
            "count": 200
        },
        "shoot_moving_target_v2_01.Policy.Epsilon.sum": {
            "value": 0.6013226200000001,
            "min": 0.6013226200000001,
            "max": 1.19570375,
            "count": 200
        },
        "shoot_moving_target_v2_01.Policy.Beta.mean": {
            "value": 2.0999789666666736e-05,
            "min": 2.0999789666666736e-05,
            "max": 0.004987399351800001,
            "count": 200
        },
        "shoot_moving_target_v2_01.Policy.Beta.sum": {
            "value": 0.0001259987380000004,
            "min": 0.0001259987380000004,
            "max": 0.029785617124999997,
            "count": 200
        },
        "shoot_moving_target_v2_01.Losses.CuriosityForwardLoss.mean": {
            "value": 0.08084582012759754,
            "min": 0.023531819087757356,
            "max": 121.547110441265,
            "count": 200
        },
        "shoot_moving_target_v2_01.Losses.CuriosityForwardLoss.sum": {
            "value": 0.4850749207655853,
            "min": 0.14119091452654414,
            "max": 607.735552206325,
            "count": 200
        },
        "shoot_moving_target_v2_01.Losses.CuriosityInverseLoss.mean": {
            "value": 1.1172756589886415,
            "min": 1.088864572578257,
            "max": 4.712543830275535,
            "count": 200
        },
        "shoot_moving_target_v2_01.Losses.CuriosityInverseLoss.sum": {
            "value": 6.703653953931849,
            "min": 6.533187435469543,
            "max": 27.40296647208508,
            "count": 200
        },
        "shoot_moving_target_v2_01.IsTraining.mean": {
            "value": 1.0,
            "min": 1.0,
            "max": 1.0,
            "count": 200
        },
        "shoot_moving_target_v2_01.IsTraining.sum": {
            "value": 1.0,
            "min": 1.0,
            "max": 1.0,
            "count": 200
        }
    },
    "metadata": {
        "timer_format_version": "0.1.0",
        "start_time_seconds": "1692363820",
        "python_version": "3.10.12 (main, Jun 11 2023, 05:26:28) [GCC 11.4.0]",
        "command_line_arguments": "/home/mih/.local/share/virtualenvs/ml_agents_test-Mi5MBi39/bin/mlagents-learn --run-id shoot_moving_target_v2_01 --time-scale 20 shoot_moving_target_v2.yaml",
        "mlagents_version": "0.30.0",
        "mlagents_envs_version": "0.30.0",
        "communication_protocol_version": "1.5.0",
        "pytorch_version": "1.13.1+cu117",
        "numpy_version": "1.21.2",
        "end_time_seconds": "1692377877"
    },
    "total": 14057.382011433998,
    "count": 1,
    "self": 0.007572548001917312,
    "children": {
        "run_training.setup": {
            "total": 0.008761974997469224,
            "count": 1,
            "self": 0.008761974997469224
        },
        "TrainerController.start_learning": {
            "total": 14057.365676910998,
            "count": 1,
            "self": 6.411649866899097,