{
    "name": "root",
    "gauges": {
        "move_to_static_target_16.Policy.Entropy.mean": {
            "value": 0.5869131088256836,
            "min": 0.5869131088256836,
            "max": 3.1299612522125244,
            "count": 200
        },
        "move_to_static_target_16.Policy.Entropy.sum": {
            "value": 28583.25390625,
            "min": 28583.25390625,
            "max": 171546.921875,
            "count": 200
        },
        "move_to_static_target_16.Step.mean": {
            "value": 9999810.0,
            "min": 49847.0,
            "max": 9999810.0,
            "count": 200
        },
        "move_to_static_target_16.Step.sum": {
            "value": 9999810.0,
            "min": 49847.0,
            "max": 9999810.0,
            "count": 200
        },
        "move_to_static_target_16.Policy.ExtrinsicValueEstimate.mean": {
            "value": 1.1473995447158813,
            "min": -0.7386853694915771,
            "max": 1.9420082569122314,
            "count": 200
        },
        "move_to_static_target_16.Policy.ExtrinsicValueEstimate.sum": {
            "value": 228.33251953125,
            "min": -149.953125,
            "max": 1386.5938720703125,
            "count": 200
        },
        "move_to_static_target_16.Policy.CuriosityValueEstimate.mean": {
            "value": 0.13444851338863373,
            "min": -2.887923002243042,
            "max": 0.7366911172866821,
            "count": 200
        },
        "move_to_static_target_16.Policy.CuriosityValueEstimate.sum": {
            "value": 26.7552547454834,
            "min": -574.6966552734375,
            "max": 525.9974365234375,
            "count": 200
        },
        "move_to_static_target_16.Losses.PolicyLoss.mean": {
            "value": 0.047103351967337524,
            "min": 0.044309648827393695,
            "max": 0.0533852355365525,
            "count": 200
        },
        "move_to_static_target_16.Losses.PolicyLoss.sum": {
            "value": 0.23551675983668763,
            "min": 0.1365889052647764,
            "max": 0.35289135339068406,
            "count": 200
        },
        "move_to_static_target_16.Losses.ValueLoss.mean": {
            "value": 0.015917654650790307,
            "min": 0.0010776480594756968,
            "max": 31.866763704835957,
            "count": 200
        },
        "move_to_static_target_16.Losses.ValueLoss.sum": {
            "value": 0.07958827325395153,
            "min": 0.006465888356854181,
            "max": 95.60029111450787,
            "count": 200
        },
        "move_to_static_target_16.Policy.LearningRate.mean": {
            "value": 7.484077505639953e-07,
            "min": 7.484077505639953e-07,
            "max": 0.00029906558031147335,
            "count": 200
        },
        "move_to_static_target_16.Policy.LearningRate.sum": {
            "value": 3.742038752819976e-06,
            "min": 3.742038752819976e-06,
            "max": 0.00177822000726,
            "count": 200
        },
        "move_to_static_target_16.Policy.Epsilon.mean": {
            "value": 0.100249436,
            "min": 0.100249436,
            "max": 0.19968852666666667,
            "count": 200
        },
        "move_to_static_target_16.Policy.Epsilon.sum": {
            "value": 0.50124718,
            "min": 0.50124718,
            "max": 1.1927400000000001,
            "count": 200
        },
        "move_to_static_target_16.Policy.Beta.mean": {
            "value": 2.2446856399999925e-05,
            "min": 2.2446856399999925e-05,
            "max": 0.004984457480666667,
            "count": 200
        },
        "move_to_static_target_16.Policy.Beta.sum": {
            "value": 0.00011223428199999963,
            "min": 0.00011223428199999963,
            "max": 0.029637725999999996,
            "count": 200
        },
        "move_to_static_target_16.Losses.CuriosityForwardLoss.mean": {
            "value": 0.06482112312059134,
            "min": 0.007304089932909443,
            "max": 51.792496211578914,
            "count": 200
        },
        "move_to_static_target_16.Losses.CuriosityForwardLoss.sum": {
            "value": 0.3241056156029567,
            "min": 0.043824539597456656,
            "max": 155.37748863473675,
            "count": 200
        },
        "move_to_static_target_16.Losses.CuriosityInverseLoss.mean": {
            "value": 0.10315440307286654,
            "min": 0.10315440307286654,
            "max": 3.2730222614391864,
            "count": 200
        },
        "move_to_static_target_16.Losses.CuriosityInverseLoss.sum": {
            "value": 0.5157720153643327,
            "min": 0.5157720153643327,
            "max": 17.967345708682217,
            "count": 200
        },
        "move_to_static_target_16.Environment.EpisodeLength.mean": {
            "value": 999.0,
            "min": 78.92223950233281,
            "max": 999.0,
            "count": 200
        },
        "move_to_static_target_16.Environment.EpisodeLength.sum": {
            "value": 46953.0,
            "min": 32405.0,
            "max": 59453.0,
            "count": 200
        },
        "move_to_static_target_16.Environment.CumulativeReward.mean": {
            "value": 113.47777853323066,
            "min": -124.14244752771714,
            "max": 146.8540686448415,
            "count": 200
        },
        "move_to_static_target_16.Environment.CumulativeReward.sum": {
            "value": 5219.97781252861,
            "min": -4431.532409906387,
            "max": 8326.025990486145,
            "count": 200
        },
        "move_to_static_target_16.Policy.ExtrinsicReward.mean": {
            "value": 113.47777853323066,
            "min": -124.14244752771714,
            "max": 146.8540686448415,
            "count": 200
        },
        "move_to_static_target_16.Policy.ExtrinsicReward.sum": {
            "value": 5219.97781252861,
            "min": -4431.532409906387,
            "max": 8326.025990486145,
            "count": 200
        },
        "move_to_static_target_16.Policy.CuriosityReward.mean": {
            "value": 1.3542023618584094,
            "min": 0.02911864847852921,
            "max": 8.829495802521706,
            "count": 200
        },
        "move_to_static_target_16.Policy.CuriosityReward.sum": {
            "value": 62.29330864548683,
            "min": 8.101643404341303,
            "max": 300.202857285738,
            "count": 200
        },
        "move_to_static_target_16.IsTraining.mean": {
            "value": 1.0,
            "min": 1.0,
            "max": 1.0,
            "count": 200
        },
        "move_to_static_target_16.IsTraining.sum": {
            "value": 1.0,
            "min": 1.0,
            "max": 1.0,
            "count": 200
        }
    },
    "metadata": {
        "timer_format_version": "0.1.0",
        "start_time_seconds": "1686332372",
        "python_version": "3.10.6 (main, Mar 10 2023, 10:55:28) [GCC 11.3.0]",
        "command_line_arguments": "/home/mih/.local/share/virtualenvs/ml_agents_test-Mi5MBi39/bin/mlagents-learn --run-id move_to_static_target_16 --time-scale 20 move_to_static_target.yaml",
        "mlagents_version": "0.30.0",
        "mlagents_envs_version": "0.30.0",
        "communication_protocol_version": "1.5.0",
        "pytorch_version": "1.13.1+cu117",
        "numpy_version": "1.21.2",
        "end_time_seconds": "1686346028"
    },
    "total": 13655.892237157997,
    "count": 1,
    "self": 0.03612901599990437,
    "children": {
        "run_training.setup": {
            "total": 0.008337145998666529,
            "count": 1,
            "self": 0.008337145998666529
        },
        "TrainerController.start_learning": {
            "total": 13655.847770995999,
            "count": 1,
            "self": 6.1945922787926975,
            "children": {
                "TrainerController._reset_env": {
                    "total": 5.571461712999735,
                    "count": 1,