{
    "name": "root",
    "gauges": {
        "move_to_static_target_10.Policy.Entropy.mean": {
            "value": 1.1893539428710938,
            "min": 0.8984561562538147,
            "max": 1.7019693851470947,
            "count": 200
        },
        "move_to_static_target_10.Policy.Entropy.sum": {
            "value": 60319.2734375,
            "min": 42562.0625,
            "max": 86134.5390625,
            "count": 200
        },
        "move_to_static_target_10.Step.mean": {
            "value": 9999867.0,
            "min": 49944.0,
            "max": 9999867.0,
            "count": 200
        },
        "move_to_static_target_10.Step.sum": {
            "value": 9999867.0,
            "min": 49944.0,
            "max": 9999867.0,
            "count": 200
        },
        "move_to_static_target_10.Policy.ExtrinsicValueEstimate.mean": {
            "value": -0.25810718536376953,
            "min": -24.20479965209961,
            "max": 0.03851557523012161,
            "count": 200
        },
        "move_to_static_target_10.Policy.ExtrinsicValueEstimate.sum": {
            "value": -51.621437072753906,
            "min": -4792.55029296875,
            "max": 9.01264476776123,
            "count": 200
        },
        "move_to_static_target_10.Policy.CuriosityValueEstimate.mean": {
            "value": 0.12476835399866104,
            "min": -28.137996673583984,
            "max": 0.31690695881843567,
            "count": 200
        },
        "move_to_static_target_10.Policy.CuriosityValueEstimate.sum": {
            "value": 24.953670501708984,
            "min": -5571.3232421875,
            "max": 63.38139343261719,
            "count": 200
        },
        "move_to_static_target_10.Losses.PolicyLoss.mean": {
            "value": 0.04648278385543058,
            "min": 0.044494568680976586,
            "max": 0.05231508209807873,
            "count": 200
        },
        "move_to_static_target_10.Losses.PolicyLoss.sum": {
            "value": 0.27889670313258347,
            "min": 0.15020223992281118,
            "max": 0.33658408967797493,
            "count": 200
        },
        "move_to_static_target_10.Losses.ValueLoss.mean": {
            "value": 0.00414133194236557,
            "min": 0.0006003799389873166,
            "max": 15.342119002369744,
            "count": 200
        },
        "move_to_static_target_10.Losses.ValueLoss.sum": {
            "value": 0.024847991654193418,
            "min": 0.0036022796339238994,
            "max": 46.02635700710923,
            "count": 200
        },
        "move_to_static_target_10.Policy.LearningRate.mean": {
            "value": 2.4308309035000017e-07,
            "min": 2.4308309035000017e-07,
            "max": 9.968752031248001e-05,
            "count": 200
        },
        "move_to_static_target_10.Policy.LearningRate.sum": {
            "value": 1.458498542100001e-06,
            "min": 1.458498542100001e-06,
            "max": 0.0005744116055884201,
            "count": 200
        },
        "move_to_static_target_10.Policy.Epsilon.mean": {
            "value": 0.10024298333333331,
            "min": 0.10024298333333331,
            "max": 0.19968751999999998,
            "count": 200
        },
        "move_to_static_target_10.Policy.Epsilon.sum": {
            "value": 0.6014578999999999,
            "min": 0.5976712800000001,
            "max": 1.1744115800000001,
            "count": 200
        },
        "move_to_static_target_10.Policy.Beta.mean": {
            "value": 2.212486833333334e-05,
            "min": 2.212486833333334e-05,
            "max": 0.004984407248,
            "count": 200
        },
        "move_to_static_target_10.Policy.Beta.sum": {
            "value": 0.00013274921000000004,
            "min": 0.00013274921000000004,
            "max": 0.028723137842000004,
            "count": 200
        },
        "move_to_static_target_10.Losses.CuriosityForwardLoss.mean": {
            "value": 0.06011943327030167,
            "min": 0.0022592807918651184,
            "max": 1596.636943954485,
            "count": 200
        },
        "move_to_static_target_10.Losses.CuriosityForwardLoss.sum": {
            "value": 0.36071659962181,
            "min": 0.011296403959325593,
            "max": 4789.910831863455,
            "count": 200
        },
        "move_to_static_target_10.Losses.CuriosityInverseLoss.mean": {
            "value": 0.39231032024448115,
            "min": 0.3612504264391545,
            "max": 2.4673540896607826,
            "count": 200
        },
        "move_to_static_target_10.Losses.CuriosityInverseLoss.sum": {
            "value": 2.353861921466887,
            "min": 2.167502558634927,
            "max": 9.731253715952239,
            "count": 200
        },
        "move_to_static_target_10.Environment.EpisodeLength.mean": {
            "value": 999.0,
            "min": 525.8541666666666,
            "max": 999.0,
            "count": 200
        },
        "move_to_static_target_10.Environment.EpisodeLength.sum": {
            "value": 52947.0,
            "min": 30969.0,
            "max": 61938.0,
            "count": 200
        },
        "move_to_static_target_10.Environment.CumulativeReward.mean": {
            "value": -25.80155675816086,
            "min": -73.52748815474972,
            "max": -8.168577307278348,
            "count": 200
        },
        "move_to_static_target_10.Environment.CumulativeReward.sum": {
            "value": -1367.4825081825256,
            "min": -4342.592524528503,
            "max": -792.3519988059998,
            "count": 200
        },
        "move_to_static_target_10.Policy.ExtrinsicReward.mean": {
            "value": -25.80155675816086,
            "min": -73.52748815474972,
            "max": -8.168577307278348,
            "count": 200
        },
        "move_to_static_target_10.Policy.ExtrinsicReward.sum": {
            "value": -1367.4825081825256,
            "min": -4342.592524528503,
            "max": -792.3519988059998,
            "count": 200
        },
        "move_to_static_target_10.Policy.CuriosityReward.mean": {
            "value": 1.2341652282004087,
            "min": 0.03607779792670546,
            "max": 15.674651380508177,
            "count": 200
        },
        "move_to_static_target_10.Policy.CuriosityReward.sum": {
            "value": 65.41075709462166,
            "min": 1.7224361092085019,
            "max": 485.9141927957535,
            "count": 200
        },
        "move_to_static_target_10.IsTraining.mean": {
            "value": 1.0,
            "min": 1.0,
            "max": 1.0,
            "count": 200
        },
        "move_to_static_target_10.IsTraining.sum": {
            "value": 1.0,
            "min": 1.0,
            "max": 1.0,
            "count": 200
        }
    },
    "metadata": {
        "timer_format_version": "0.1.0",
        "start_time_seconds": "1686217329",
        "python_version": "3.10.6 (main, Mar 10 2023, 10:55:28) [GCC 11.3.0]",
        "command_line_arguments": "/home/mih/.local/share/virtualenvs/ml_agents_test-Mi5MBi39/bin/mlagents-learn --run-id move_to_static_target_10 --time-scale 20 move_to_static_target.yaml",
        "mlagents_version": "0.30.0",
        "mlagents_envs_version": "0.30.0",
        "communication_protocol_version": "1.5.0",
        "pytorch_version": "1.13.1+cu117",
        "numpy_version": "1.21.2",
        "end_time_seconds": "1686230714"
    },
    "total": 13385.362791522013,
    "count": 1,
    "self": 0.023437997020664625,
    "children": {
        "run_training.setup": {
            "total": 0.008421544000157155,
            "count": 1,
            "self": 0.008421544000157155
        },
        "TrainerController.start_learning": {
            "total": 13385.330931980992,
            "count": 1,
            "self": 6.247324935698998,