{
    "name": "root",
    "gauges": {
        "move_to_moving_target_07.Policy.Entropy.mean": {
            "value": 0.6131969094276428,
            "min": 0.6116743683815002,
            "max": 3.1129889488220215,
            "count": 200
        },
        "move_to_moving_target_07.Policy.Entropy.sum": {
            "value": 33608.09765625,
            "min": 28215.31640625,
            "max": 170616.703125,
            "count": 200
        },
        "move_to_moving_target_07.Step.mean": {
            "value": 9999848.0,
            "min": 49872.0,
            "max": 9999848.0,
            "count": 200
        },
        "move_to_moving_target_07.Step.sum": {
            "value": 9999848.0,
            "min": 49872.0,
            "max": 9999848.0,
            "count": 200
        },
        "move_to_moving_target_07.Policy.ExtrinsicValueEstimate.mean": {
            "value": 1.7398343086242676,
            "min": -1.1335924863815308,
            "max": 1.862133502960205,
            "count": 200
        },
        "move_to_moving_target_07.Policy.ExtrinsicValueEstimate.sum": {
            "value": 346.2270202636719,
            "min": -227.85208129882812,
            "max": 372.549072265625,
            "count": 200
        },
        "move_to_moving_target_07.Policy.CuriosityValueEstimate.mean": {
            "value": 0.1412915140390396,
            "min": -5.7627458572387695,
            "max": 0.26320454478263855,
            "count": 200
        },
        "move_to_moving_target_07.Policy.CuriosityValueEstimate.sum": {
            "value": 28.11701202392578,
            "min": -1141.023681640625,
            "max": 52.90411376953125,
            "count": 200
        },
        "move_to_moving_target_07.Losses.PolicyLoss.mean": {
            "value": 0.04833662874011256,
            "min": 0.04443057659799921,
            "max": 0.055007039763886524,
            "count": 200
        },
        "move_to_moving_target_07.Losses.PolicyLoss.sum": {
            "value": 0.19334651496045024,
            "min": 0.13329172979399764,
            "max": 0.21686808877694697,
            "count": 200
        },
        "move_to_moving_target_07.Losses.ValueLoss.mean": {
            "value": 0.432628968130389,
            "min": 0.039984208503999835,
            "max": 3.46718462481499,
            "count": 200
        },
        "move_to_moving_target_07.Losses.ValueLoss.sum": {
            "value": 1.730515872521556,
            "min": 0.1338571565750123,
            "max": 10.40155387444497,
            "count": 200
        },
        "move_to_moving_target_07.Policy.LearningRate.mean": {
            "value": 7.68819743760006e-07,
            "min": 7.68819743760006e-07,
            "max": 0.00029906328031223997,
            "count": 200
        },
        "move_to_moving_target_07.Policy.LearningRate.sum": {
            "value": 3.075278975040024e-06,
            "min": 3.075278975040024e-06,
            "max": 0.00117301488899504,
            "count": 200
        },
        "move_to_moving_target_07.Policy.Epsilon.mean": {
            "value": 0.10025624000000001,
            "min": 0.10025624000000001,
            "max": 0.19968776,
            "count": 200
        },
        "move_to_moving_target_07.Policy.Epsilon.sum": {
            "value": 0.40102496000000004,
            "min": 0.30239448,
            "max": 0.7910049600000001,
            "count": 200
        },
        "move_to_moving_target_07.Policy.Beta.mean": {
            "value": 2.27863760000001e-05,
            "min": 2.27863760000001e-05,
            "max": 0.0049844192239999995,
            "count": 200
        },
        "move_to_moving_target_07.Policy.Beta.sum": {
            "value": 9.11455040000004e-05,
            "min": 9.11455040000004e-05,
            "max": 0.019551147504,
            "count": 200
        },
        "move_to_moving_target_07.Losses.CuriosityForwardLoss.mean": {
            "value": 0.06779340972901882,
            "min": 0.01842611558530193,
            "max": 70.6424791918923,
            "count": 200
        },
        "move_to_moving_target_07.Losses.CuriosityForwardLoss.sum": {
            "value": 0.27117363891607527,
            "min": 0.05527834675590578,
            "max": 211.92743757567692,
            "count": 200
        },
        "move_to_moving_target_07.Losses.CuriosityInverseLoss.mean": {
            "value": 0.1626208741333437,
            "min": 0.1564545366064421,
            "max": 3.3305561311770266,
            "count": 200
        },
        "move_to_moving_target_07.Losses.CuriosityInverseLoss.sum": {
            "value": 0.6504834965333748,
            "min": 0.4693636098193263,
            "max": 10.699875820496793,
            "count": 200
        },
        "move_to_moving_target_07.Environment.EpisodeLength.mean": {
            "value": 999.0,
            "min": 973.5,
            "max": 999.0,
            "count": 200
        },
        "move_to_moving_target_07.Environment.EpisodeLength.sum": {
            "value": 31968.0,
            "min": 30969.0,
            "max": 61938.0,
            "count": 200
        },
        "move_to_moving_target_07.Environment.CumulativeReward.mean": {
            "value": 174.40360584774533,
            "min": -113.78683733940125,
            "max": 188.8670030716927,
            "count": 200
        },
        "move_to_moving_target_07.Environment.CumulativeReward.sum": {
            "value": 6452.933416366577,
            "min": -6927.971166610718,
            "max": 11399.189677715302,
            "count": 200
        },
        "move_to_moving_target_07.Policy.ExtrinsicReward.mean": {
            "value": 174.40360584774533,
            "min": -113.78683733940125,
            "max": 188.8670030716927,
            "count": 200
        },
        "move_to_moving_target_07.Policy.ExtrinsicReward.sum": {
            "value": 6452.933416366577,
            "min": -6927.971166610718,
            "max": 11399.189677715302,
            "count": 200
        },
        "move_to_moving_target_07.Policy.CuriosityReward.mean": {
            "value": 1.4613019002450478,
            "min": 0.3430485154191653,
            "max": 11.345875406637788,
            "count": 200
        },
        "move_to_moving_target_07.Policy.CuriosityReward.sum": {
            "value": 54.06817030906677,
            "min": 16.423516884446144,
            "max": 363.0680130124092,
            "count": 200
        },
        "move_to_moving_target_07.IsTraining.mean": {
            "value": 1.0,
            "min": 1.0,
            "max": 1.0,
            "count": 200
        },
        "move_to_moving_target_07.IsTraining.sum": {
            "value": 1.0,
            "min": 1.0,
            "max": 1.0,
            "count": 200
        }
    },
    "metadata": {
        "timer_format_version": "0.1.0",
        "start_time_seconds": "1689324987",
        "python_version": "3.10.6 (main, May 29 2023, 11:10:38) [GCC 11.3.0]",
        "command_line_arguments": "/home/mih/.local/share/virtualenvs/ml_agents_test-Mi5MBi39/bin/mlagents-learn --run-id move_to_moving_target_07 --time-scale 20 move_to_moving_target.yaml",
        "mlagents_version": "0.30.0",
        "mlagents_envs_version": "0.30.0",
        "communication_protocol_version": "1.5.0",
        "pytorch_version": "1.13.1+cu117",
        "numpy_version": "1.21.2",
        "end_time_seconds": "1689338738"
    },
    "total": 13751.01595311,
    "count": 1,
    "self": 0.018137160999685875,
    "children": {
        "run_training.setup": {
            "total": 0.00898595699982252,
            "count": 1,
            "self": 0.00898595699982252
        },
        "TrainerController.start_learning": {
            "total": 13750.988829992,
            "count": 1,
            "self": 5.574378372341016,
            "children": {
                "TrainerController._reset_env": {
                    "total": 8.930793802001062,
                    "count": 1,